cell,ident
AAACATACAACCAC-1,0
AAACATTGAGCTAC-1,4
AAACATTGATCAGC-1,3
AAACCGTGCTTCCG-1,5
AAACCGTGTATGCG-1,2
AAACGCACTGGTAC-1,3
AAACGCTGACCAGT-1,2
AAACGCTGGTTCTT-1,2
AAACGCTGTAGCCA-1,2
AAACGCTGTTTCTG-1,5
AAACTTGAAAAACG-1,4
AAACTTGATCCAGA-1,0
AAAGAGACGAGATA-1,0
AAAGAGACGCGAGA-1,1
AAAGAGACGGACTT-1,2
AAAGAGACGGCATT-1,0
AAAGATCTGGGCAA-1,1
AAAGCAGAAGCCAT-1,2
AAAGCAGATATCGG-1,1
AAAGCCTGTATGCG-1,3
AAAGGCCTGTCTAG-1,4
AAAGTTTGATCACG-1,4
AAAGTTTGGGGTGA-1,4
AAAGTTTGTAGAGA-1,0
AAAGTTTGTAGCGT-1,1
AAATCAACAATGCC-1,4
AAATCAACACCAGT-1,0
AAATCAACCAGGAG-1,0
AAATCAACCCTATT-1,5
AAATCAACGGAAGC-1,0
AAATCAACTCGCAA-1,3
AAATCATGACCACA-1,5
AAATCCCTCCACAA-1,2
AAATCCCTGCTATG-1,4
AAATGTTGAACGAA-1,1
AAATGTTGCCACAA-1,3
AAATGTTGTGGCAT-1,1
AAATTCGAAGGTTC-1,0
AAATTCGAATCACG-1,1
AAATTCGAGCTGAT-1,5
AAATTCGAGGAGTG-1,0
AAATTCGATTCTCA-1,2
AAATTGACACGACT-1,2
AAATTGACTCGCTC-1,2
AACAAACTCATTTC-1,0
AACAAACTTTCGTT-1,0
AACAATACGACGAG-1,0
AACACGTGCAGAGG-1,3
AACACGTGGAAAGT-1,0
AACACGTGGAACCT-1,1
AACACGTGGCTACA-1,0
AACACGTGTACGAC-1,5
AACAGCACAAGAGT-1,1
AACATTGATGGGAG-1,5
AACCAGTGATACCG-1,5
AACCCAGATCGCTC-1,0
AACCGATGCTCCCA-1,3
AACCGATGGTCATG-1,4
AACCGATGTTCTAC-1,1
AACCGCCTAGCGTT-1,3
AACCGCCTCTACGA-1,1
AACCTACTGTGAGG-1,1
AACCTACTGTGTTG-1,0
AACCTTACGAGACG-1,0
AACCTTACGCGAGA-1,2
AACCTTACTAACGC-1,5
AACCTTTGGACGGA-1,0
AACCTTTGTACGCA-1,5
AACGCAACAAGTAG-1,3
AACGCATGACCCAA-1,0
AACGCATGCCTTCG-1,0
AACGCATGTACTTC-1,3
AACGCCCTCGGGAA-1,3
AACGCCCTCGTACA-1,2
AACGCCCTGCTTAG-1,4
AACGCCCTGGCATT-1,3
AACGTCGAGTATCG-1,2
AACGTGTGAAAGCA-1,0
AACGTGTGGCGGAA-1,4
AACGTGTGTCCAAG-1,0
AACGTGTGTGCTTT-1,3
AACTACCTTAGAGA-1,0
AACTCACTCAAGCT-1,1
AACTCACTTGGAGG-1,1
AACTCGGAAAGTGA-1,2
AACTCGGAAGGTCT-1,1
AACTCTTGCAGGAG-1,3
AACTGTCTCCCTTG-1,1
AACTTGCTACGCTA-1,4
AACTTGCTGGGACA-1,0
AAGAACGAGTGTTG-1,0
AAGAAGACGTAGGG-1,4
AAGACAGAAGTCTG-1,4
AAGACAGAGGATCT-1,0
AAGACAGATTACCT-1,1
AAGAGATGGGTAGG-1,4
AAGATGGAAAACAG-1,4
AAGATGGAGAACTC-1,1
AAGATGGAGATAAG-1,1
AAGATTACAACCTG-1,0
AAGATTACAGATCC-1,1
AAGATTACCCGTTC-1,1
AAGATTACCGCCTT-1,6
AAGATTACCTCAAG-1,2
AAGATTACTCCTCG-1,1
AAGCAAGAGCGAGA-1,3
AAGCAAGAGCTTAG-1,2
AAGCAAGAGGTGTT-1,2
AAGCACTGAGCAAA-1,4
AAGCACTGCATACG-1,2
AAGCACTGGTTCTT-1,4
AAGCCAACGTGTTG-1,0
AAGCCATGAACTGC-1,6
AAGCCATGACACGT-1,1
AAGCCATGCGTGAT-1,0
AAGCCATGTCTCGC-1,2
AAGCCTGACATGCA-1,3
AAGCCTGACCGAAT-1,1
AAGCGACTCCTCAC-1,5
AAGCGACTGTGTCA-1,0
AAGCGACTTACAGC-1,4
AAGCGACTTTGACG-1,5
AAGCGTACGTCTTT-1,0
AAGGCTTGCGAACT-1,2
AAGGTCACGGTTAC-1,1
AAGGTCACTGTTTC-1,4
AAGGTCACTTCCCG-1,2
AAGGTCTGACAGTC-1,3
AAGGTCTGCAGATC-1,0
AAGGTCTGGTATGC-1,1
AAGTAACTCTGAAC-1,1
AAGTAACTGAGATA-1,4
AAGTAGGATACAGC-1,2
AAGTATACCGAACT-1,0
AAGTCCGACTTGTT-1,0
AAGTCCGATAGAAG-1,0
AAGTCTCTAGTCGT-1,0
AAGTCTCTCGGAGA-1,2
AAGTGGCTTGGAGG-1,4
AAGTTCCTCATTCT-1,5
AAGTTCCTTCTTAC-1,3
AATAAGCTCGAATC-1,3
AATAAGCTCGTTGA-1,0
AATACCCTGGACGA-1,4
AATACCCTGGCATT-1,3
AATACTGAAAGGGC-1,2
AATACTGAATTGGC-1,2
AATAGGGAACCCTC-1,4
AATAGGGAGAATGA-1,2
AATCAAACTATCGG-1,2
AATCCGGAATGCTG-1,4
AATCCTACCGGTAT-1,0
AATCCTTGACGGGA-1,1
AATCCTTGGTGAGG-1,2
AATCGGTGGAACTC-1,2
AATCGGTGTGCTTT-1,0
AATCTAGAAAAGTG-1,3
AATCTAGAATCGGT-1,0
AATCTCACAGCCTA-1,1
AATCTCACTCTAGG-1,0
AATCTCTGAACAGA-1,0
AATCTCTGCTTTAC-1,2
AATGATACACCAAC-1,2
AATGATACGGTCAT-1,1
AATGCGTGACACCA-1,4
AATGCGTGGACGGA-1,6
AATGCGTGGCTATG-1,4
AATGGAGAATCGTG-1,1
AATGGAGATCCTTA-1,2
AATGGCTGACACCA-1,4
AATGGCTGCGTGAT-1,3
AATGGCTGTAAAGG-1,2
AATGGCTGTACTCT-1,2
AATGGCTGTGAAGA-1,0
AATGTAACGGTGGA-1,0
AATGTAACGTTTGG-1,2
AATGTCCTCTTCTA-1,3
AATGTTGACAGTCA-1,3
AATGTTGAGTTGAC-1,1
AATGTTGATCTACT-1,3
AATTACGAATTCCT-1,6
AATTACGACTTCTA-1,0
AATTACGAGTAGCT-1,2
AATTACGAGTGAGG-1,3
AATTACGATTGGCA-1,4
AATTCCTGCTCAGA-1,4
AATTGATGTCGCAA-1,5
AATTGTGACTTGGA-1,4
ACAAAGGAGGGTGA-1,0
ACAAATTGATTCTC-1,5
ACAAATTGCTCAGA-1,1
ACAAATTGTTGCGA-1,2
ACAACCGAGGGATG-1,2
ACAACCGAGTTACG-1,3
ACAAGAGAAGTCGT-1,1
ACAAGAGACTTATC-1,0
ACAAGAGAGTTGAC-1,4
ACAATCCTAACCGT-1,3
ACAATCCTTAGCGT-1,4
ACAATTGACTGACA-1,2
ACAATTGATGACTG-1,2
ACACAGACACCTGA-1,1
ACACAGACCATACG-1,2
ACACCAGAGGGCAA-1,2
ACACCCTGGTGTTG-1,2
ACACGAACAGTTCG-1,0
ACACGATGACGCAT-1,2
ACACGATGATGTGC-1,1
ACACGATGTCGTAG-1,2
ACACGATGTGGTCA-1,2
ACAGACACGGCATT-1,2
ACAGACACGTTGTG-1,3
ACAGCAACACCTAG-1,1
ACAGCAACCTCAAG-1,5
ACAGGTACCCCACT-1,0
ACAGGTACGCTGTA-1,2
ACAGGTACTGGTGT-1,2
ACAGTCGACCCAAA-1,0
ACAGTCGACCGATA-1,2
ACAGTGACTCACCC-1,2
ACAGTGACTCTATC-1,2
ACAGTGTGGTCACA-1,0
ACAGTGTGTTGCGA-1,1
ACATCACTCTACTT-1,1
ACATGGTGAAGCCT-1,0
ACATGGTGCAACCA-1,4
ACATGGTGCGAGTT-1,0
ACATGGTGCGTTGA-1,2
ACATTCTGGCATAC-1,0
ACATTCTGGGAACG-1,1
ACCAACGACATGCA-1,0
ACCACAGAAAGTAG-1,0
ACCACAGAGTTGGT-1,0
ACCACCTGTGTGCA-1,0
ACCACGCTACAGCT-1,0
ACCACGCTACCCAA-1,2
ACCACGCTGCGAGA-1,0
ACCACGCTGCTGTA-1,0
ACCAGCCTGACAGG-1,3
ACCAGTGAACGGTT-1,4
ACCAGTGAATACCG-1,5
ACCAGTGAGGGATG-1,0
ACCAGTGATGACTG-1,1
ACCATTACCTTCTA-1,0
ACCATTACGAGATA-1,3
ACCATTTGTCATTC-1,0
ACCCAAGAACTGTG-1,2
ACCCAAGAATTCCT-1,5
ACCCAAGAGGACAG-1,3
ACCCAAGATTCACT-1,4
ACCCACTGCGCCTT-1,1
ACCCACTGGACAGG-1,0
ACCCACTGGTTCAG-1,7
ACCCACTGTCGTAG-1,1
ACCCAGCTCAGAAA-1,3
ACCCAGCTGTTAGC-1,1
ACCCAGCTTGCTTT-1,0
ACCCGTTGATGACC-1,4
ACCCGTTGCTGCAA-1,0
ACCCGTTGCTTCTA-1,6
ACCCTCGACCTATT-1,3
ACCCTCGACGGTAT-1,4
ACCCTCGATAAGGA-1,1
ACCCTCGATCAAGC-1,1
ACCGTGCTACCAGT-1,0
ACCGTGCTGGAACG-1,4
ACCTATTGCTGAGT-1,4
ACCTATTGTGCCCT-1,5
ACCTCCGAGTCCTC-1,3
ACCTCCGATATGCG-1,0
ACCTCCGATGCTGA-1,0
ACCTCGTGAACCAC-1,2
ACCTGAGATATCGG-1,7
ACCTGGCTAAGTAG-1,2
ACCTGGCTGTCTTT-1,1
ACCTTTGACTCCCA-1,1
ACCTTTGAGGAACG-1,1
ACCTTTGAGGAAGC-1,1
ACGAACACCTTGTT-1,2
ACGAACTGGCTATG-1,7
ACGAAGCTCTCCAC-1,0
ACGAAGCTCTGAGT-1,4
ACGACCCTATCTCT-1,1
ACGACCCTGATGAA-1,0
ACGACCCTTGACAC-1,4
ACGACCCTTGACCA-1,0
ACGAGGGACAGGAG-1,6
ACGAGGGACGAACT-1,0
ACGAGGGATGTAGC-1,3
ACGAGTACCCTAAG-1,4
ACGAGTACGAATCC-1,4
ACGATCGAGGACTT-1,2
ACGATCGAGTCACA-1,1
ACGATGACAATGCC-1,3
ACGATGACTGGTCA-1,3
ACGATTCTACGGGA-1,2
ACGCAATGGTTCAG-1,2
ACGCACCTGTTAGC-1,4
ACGCCACTGAACTC-1,1
ACGCCGGAAACCAC-1,1
ACGCCGGAAAGCCT-1,0
ACGCCGGAAATGCC-1,0
ACGCCTTGCTCCCA-1,5
ACGCGGTGGCGAGA-1,3
ACGCGGTGTGTGGT-1,4
ACGCGGTGTTTGCT-1,2
ACGCTCACAGTACC-1,0
ACGCTCACCCTTGC-1,0
ACGCTGCTGTTCTT-1,2
ACGGAACTCAGATC-1,2
ACGGAACTGTCGTA-1,5
ACGGAGGACTCTTA-1,1
ACGGATTGGGAGGT-1,4
ACGGATTGGTTAGC-1,3
ACGGCTCTGAGCAG-1,3
ACGGCTCTTGCACA-1,0
ACGGTAACCGCTAA-1,3
ACGGTAACCTTCGC-1,2
ACGGTAACGGTGGA-1,0
ACGGTAACTCGCAA-1,2
ACGGTATGAGTCGT-1,1
ACGGTATGGGTATC-1,4
ACGGTATGGTTGTG-1,4
ACGGTCCTAACGGG-1,3
ACGGTCCTCGGGAA-1,0
ACGTAGACAACCAC-1,3
ACGTAGACTACAGC-1,4
ACGTCAGAAACGAA-1,3
ACGTCAGAGAGCTT-1,1
ACGTCAGAGGGATG-1,3
ACGTCCTGATAAGG-1,1
ACGTCCTGTGAACC-1,1
ACGTCGCTCCTGAA-1,2
ACGTCGCTCTATTC-1,1
ACGTCGCTTCTCAT-1,4
ACGTGATGCCATGA-1,6
ACGTGATGGGTCTA-1,0
ACGTGATGTAACCG-1,5
ACGTGATGTGACAC-1,2
ACGTGCCTCCGTAA-1,3
ACGTGCCTTCTATC-1,2
ACGTTACTTTCCAT-1,0
ACGTTGGAAAAGCA-1,0
ACGTTGGAAACCTG-1,2
ACGTTGGACCGTAA-1,1
ACGTTGGAGCCAAT-1,2
ACGTTGGATATGGC-1,4
ACGTTGGATCAGGT-1,1
ACGTTTACATCAGC-1,0
ACTAAAACCCACAA-1,0
ACTAAAACTCGACA-1,1
ACTACGGAATTTCC-1,3
ACTACGGACCTATT-1,0
ACTACGGATCGCTC-1,0
ACTACTACTAAGGA-1,0
ACTAGGTGGAACCT-1,2
ACTAGGTGGAACTC-1,3
ACTATCACCTTGGA-1,2
ACTATCACTGCCAA-1,0
ACTCAGGACTGAAC-1,0
ACTCAGGATCTATC-1,4
ACTCAGGATTCGTT-1,1
ACTCCTCTCAACTG-1,3
ACTCGCACGAAAGT-1,1
ACTCGCACTACGAC-1,1
ACTCTCCTGACACT-1,0
ACTCTCCTGCATAC-1,0
ACTCTCCTGTTTGG-1,0
ACTGAGACAACCAC-1,2
ACTGAGACCCATAG-1,5
ACTGAGACGTTGGT-1,4
ACTGCCACACACGT-1,2
ACTGCCACTCCGTC-1,2
ACTGGCCTTCAGTG-1,2
ACTGTGGACGTGTA-1,2
ACTGTGGATCTAGG-1,4
ACTGTTACCCACAA-1,1
ACTGTTACTGCAGT-1,0
ACTTAAGAACCACA-1,0
ACTTAAGACCACAA-1,0
ACTTAAGATTACTC-1,6
ACTTAGCTGCGTAT-1,5
ACTTAGCTGGGAGT-1,3
ACTTCAACAAGCAA-1,3
ACTTCAACGTAGGG-1,2
ACTTCCCTTTCCGC-1,0
ACTTCTGACATGCA-1,4
ACTTGACTCCACAA-1,4
ACTTGGGAGAAAGT-1,1
ACTTGGGAGGTTTG-1,2
ACTTGGGATGTGAC-1,5
ACTTGGGATTGACG-1,1
ACTTGTACCCGAAT-1,0
ACTTGTACCTGTCC-1,0
ACTTTGTGCGATAC-1,0
ACTTTGTGGAAAGT-1,0
ACTTTGTGGATAGA-1,1
AGAAACGAAAGTAG-1,4
AGAAAGTGCGCAAT-1,0
AGAAAGTGGGGATG-1,1
AGAACAGAAATGCC-1,2
AGAACAGACGACTA-1,4
AGAACAGAGACAAA-1,3
AGAACGCTTTGCTT-1,0
AGAAGATGTGACTG-1,3
AGAATGGAAGAAGT-1,2
AGAATTTGTAACCG-1,0
AGAATTTGTAGAGA-1,0
AGACACACTGTAGC-1,0
AGACACTGTCAAGC-1,1
AGACCTGAAGTAGA-1,1
AGACCTGACCAACA-1,0
AGACCTGAGGAAGC-1,2
AGACGTACAGAGGC-1,3
AGACGTACCCCTAC-1,4
AGACGTACCTCTTA-1,1
AGACGTACTCGTGA-1,5
AGACTGACCATCAG-1,2
AGACTGACCCTTTA-1,0
AGACTTCTCATGCA-1,4
AGAGATGACAGTCA-1,4
AGAGATGACTGAAC-1,0
AGAGATGAGGTTTG-1,1
AGAGATGATCTCGC-1,4
AGAGATGATTGTGG-1,0
AGAGCGGAGGCAAG-1,1
AGAGGTCTACAGCT-1,2
AGAGTCTGGTCGTA-1,5
AGAGTGCTCAGCTA-1,0
AGAGTGCTCGAATC-1,0
AGAGTGCTGTCATG-1,0
AGAGTGCTGTCCTC-1,2
AGAGTGCTGTGTTG-1,4
AGATATACCCGTAA-1,2
AGATATACGATGAA-1,0
AGATATACTGTTCT-1,4
AGATATTGCCTACC-1,2
AGATATTGGCCAAT-1,1
AGATCGTGTCTGGA-1,1
AGATCGTGTTTGTC-1,4
AGATCTCTATCACG-1,4
AGATTAACGTTCTT-1,5
AGATTCCTATCGTG-1,0
AGATTCCTCACTTT-1,1
AGATTCCTGACGAG-1,1
AGATTCCTGTTCAG-1,2
AGCAAAGATATGCG-1,0
AGCACAACAGTCTG-1,0
AGCACTGAGGGAGT-1,0
AGCACTGATATGCG-1,3
AGCACTGATGCTTT-1,6
AGCACTGATTGCGA-1,0
AGCATCGAAGATCC-1,3
AGCATCGAAGGGTG-1,4
AGCATCGAGCTTCC-1,1
AGCATCGAGTGAGG-1,3
AGCATCGATAACCG-1,1
AGCATGACGATGAA-1,2
AGCCAATGGGGAGT-1,5
AGCCAATGTATCTC-1,0
AGCCACCTGGATCT-1,2
AGCCGGTGCCAATG-1,3
AGCCGGTGTGTTTC-1,0
AGCCGTCTCAATCG-1,0
AGCCGTCTGAGAGC-1,3
AGCCTCACGTTCGA-1,0
AGCCTCACTGTCAG-1,5
AGCCTCTGCAGTTG-1,4
AGCCTCTGCCAATG-1,2
AGCGAACTGGATCT-1,0
AGCGAACTTACTGG-1,3
AGCGATACGGAGCA-1,0
AGCGATTGAGATCC-1,2
AGCGCCGAATCTCT-1,0
AGCGCCGACAGAGG-1,3
AGCGCTCTACCTTT-1,0
AGCGGCACCGGGAA-1,0
AGCGGCTGATGTGC-1,0
AGCGGGCTTGCCAA-1,0
AGCGTAACATGCTG-1,3
AGCGTAACTGAGAA-1,1
AGCTCGCTACTGGT-1,0
AGCTCGCTCTGCTC-1,0
AGCTGAACCATACG-1,5
AGCTGAACCTCTCG-1,0
AGCTGCCTTGGGAG-1,1
AGCTGCCTTTCATC-1,3
AGCTGCCTTTCTGT-1,3
AGCTGTGATCCAAG-1,0
AGCTTTACAAGTAG-1,0
AGCTTTACACCAAC-1,2
AGCTTTACTCTCAT-1,4
AGGAAATGAGGAGC-1,3
AGGAACCTCTTAGG-1,5
AGGAACCTTGCCTC-1,2
AGGAATGATAACGC-1,3
AGGAATGATTTGTC-1,3
AGGAGTCTGGTTTG-1,0
AGGAGTCTTGTCAG-1,0
AGGATAGACATTTC-1,3
AGGATAGAGGATTC-1,2
AGGATGCTACTAGC-1,4
AGGATGCTTTAGGC-1,2
AGGCAACTGAAGGC-1,0
AGGCAGGAGTACCA-1,2
AGGCCTCTAGTCGT-1,0
AGGCCTCTCGGAGA-1,3
AGGCCTCTCGTAAC-1,0
AGGGACGACGTTGA-1,0
AGGGACGAGTCAAC-1,2
AGGGACGAGTTGTG-1,0
AGGGACGATAGAGA-1,2
AGGGACGATGCATG-1,2
AGGGAGTGAGCCTA-1,0
AGGGCCACCATACG-1,0
AGGGCGCTAACCAC-1,1
AGGGCGCTATGGTC-1,2
AGGGTGGACAGTCA-1,4
AGGGTGGACTCAAG-1,1
AGGGTGGAGTTGCA-1,2
AGGGTTTGTTCATC-1,1
AGGTCATGAGTGTC-1,4
AGGTCATGCTTATC-1,2
AGGTCTGATTCTCA-1,5
AGGTGGGAAGAATG-1,0
AGGTGGGAAGTTCG-1,0
AGGTGTTGGTTACG-1,4
AGGTTCGAACCTCC-1,1
AGGTTCGAACGTAC-1,1
AGGTTCGAGGGTGA-1,0
AGTAAGGAGTTTGG-1,0
AGTAAGGATTCTTG-1,3
AGTAATACATCACG-1,2
AGTAATACCGAACT-1,4
AGTAATTGTCCCAC-1,0
AGTACGTGAGGGTG-1,0
AGTACGTGCTGCAA-1,0
AGTACGTGCTTGGA-1,3
AGTACTCTACGTGT-1,4
AGTACTCTCAACCA-1,2
AGTACTCTCGGTAT-1,3
AGTAGGCTTGCCTC-1,5
AGTATAACTTGTCT-1,5
AGTATCCTAGAACA-1,0
AGTCACGATGAGCT-1,2
AGTCAGACGAATAG-1,3
AGTCAGACGCTTAG-1,0
AGTCAGACTAGAGA-1,2
AGTCAGACTGCACA-1,3
AGTCCAGATATCTC-1,0
AGTCCAGATTTCAC-1,3
AGTCGAACCAACCA-1,0
AGTCGCCTCCGTAA-1,3
AGTCTACTAGGGTG-1,1
AGTCTACTTGCATG-1,1
AGTCTTACACCACA-1,0
AGTCTTACTTCGCC-1,2
AGTCTTACTTCGGA-1,7
AGTGACTGCAACTG-1,5
AGTGTTCTAACCTG-1,3
AGTGTTCTATAAGG-1,0
AGTGTTCTCACTTT-1,1
AGTTAAACCACTTT-1,3
AGTTATGAACAGTC-1,1
AGTTATGACTGAGT-1,3
AGTTATGAGTTCAG-1,3
AGTTCTACCAGCTA-1,1
AGTTCTTGAAGCCT-1,2
AGTTGTCTACTACG-1,0
AGTTTAGATGGTCA-1,0
AGTTTCACGGTCTA-1,2
AGTTTGCTACAGTC-1,0
AGTTTGCTACTGGT-1,2
AGTTTGCTCCAAGT-1,0
ATAAACACAGTGCT-1,4
ATAAACACCACCAA-1,0
ATAACAACATGCTG-1,1
ATAACAACGTCTAG-1,0
ATAACAACTTTGTC-1,0
ATAACATGTACTCT-1,3
ATAACCCTGTTGGT-1,0
ATAACCCTTGGTAC-1,3
ATAAGTACGAATGA-1,4
ATAAGTTGGTACGT-1,5
ATAAGTTGTCTAGG-1,2
ATAATCGAGCTGAT-1,4
ATAATCGATGGTTG-1,0
ATAATGACCTACTT-1,3
ATAATGACTCGTGA-1,1
ATACAATGTTAGGC-1,0
ATACCACTCGTACA-1,1
ATACCACTCTAAGC-1,6
ATACCACTGCCAAT-1,2
ATACCGGAATGCTG-1,6
ATACCGGACATTTC-1,1
ATACCGGACTTCGC-1,3
ATACCGGAGGTGTT-1,1
ATACCGGATCTCGC-1,0
ATACCTACGCATCA-1,3
ATACCTTGGGGCAA-1,0
ATACGGACAGACTC-1,1
ATACGGACCTACTT-1,1
ATACGGACGAGGTG-1,4
ATACGGACTATGCG-1,4
ATACGGACTCTGGA-1,1
ATACGTCTTAACGC-1,1
ATACTCTGCTTCGC-1,1
ATACTCTGGTATGC-1,2
ATAGATACCATGGT-1,3
ATAGATACGACGAG-1,0
ATAGATTGGTGTAC-1,4
ATAGCCGAACGGAG-1,0
ATAGCGTGCAGATC-1,0
ATAGCGTGCCCTTG-1,1
ATAGCGTGGTATCG-1,1
ATAGCGTGTCTCTA-1,3
ATAGCTCTCTGATG-1,0
ATAGCTCTGAGGTG-1,0
ATAGGAGAAACAGA-1,1
ATAGGCTGTCAGAC-1,0
ATAGTCCTAGTGTC-1,1
ATAGTCCTTGCATG-1,2
ATAGTCCTTGTCGA-1,0
ATAGTTGACAACTG-1,0
ATAGTTGACCCTCA-1,5
ATAGTTGAGACGTT-1,0
ATAGTTGATAAGCC-1,0
ATATACGAAGCCAT-1,0
ATATACGAATTGGC-1,3
ATATAGTGGAATGA-1,1
ATATGCCTAGATCC-1,1
ATATGCCTGGACAG-1,0
ATATGCCTTCTCTA-1,0
ATATGCCTTGGTAC-1,0
ATCAAATGAGCCTA-1,1
ATCAAATGGGTAAA-1,5
ATCAACCTAAACGA-1,3
ATCAACCTGAGGAC-1,0
ATCAACCTTCTCTA-1,2
ATCAACCTTTGTCT-1,2
ATCACACTTTGTCT-1,3
ATCACGGATTGCTT-1,1
ATCACGGATTTCGT-1,4
ATCATCTGACACCA-1,7
ATCATGCTAGAGTA-1,2
ATCATGCTGAACCT-1,4
ATCCAGGACGCTAA-1,5
ATCCAGGATGGAAA-1,3
ATCCATACTCCTTA-1,1
ATCCATACTTCATC-1,5
ATCCCGTGCAGTCA-1,2
ATCCCGTGCATGCA-1,4
ATCCCGTGGCTGAT-1,4
ATCCGCACGCATCA-1,4
ATCCTAACGACGGA-1,4
ATCCTAACGCTACA-1,2
ATCGACGAAACTGC-1,1
ATCGACGAATGACC-1,0
ATCGAGTGGACGTT-1,2
ATCGCAGAATCTCT-1,5
ATCGCAGAGTGTCA-1,4
ATCGCCACTGAGGG-1,2
ATCGCCTGGGTCAT-1,3
ATCGCCTGTGGCAT-1,4
ATCGCGCTCAGAGG-1,1
ATCGCGCTGGGATG-1,0
ATCGCGCTTTTCGT-1,4
ATCGGAACCAGTCA-1,0
ATCGGTGAGTCAAC-1,0
ATCGGTGATTGCAG-1,0
ATCGTTTGCCTACC-1,1
ATCGTTTGGGTACT-1,1
ATCGTTTGTGCCAA-1,1
ATCTACACCCGCTT-1,1
ATCTACACCGGGAA-1,3
ATCTCAACAGGAGC-1,4
ATCTCAACCTCGAA-1,0
ATCTCAACCTTGTT-1,1
ATCTGGGAAACCAC-1,1
ATCTGGGAAGTGTC-1,1
ATCTGGGATTCCGC-1,2
ATCTGTTGAACGGG-1,3
ATCTGTTGACCTCC-1,3
ATCTGTTGCCTTCG-1,1
ATCTGTTGGTTGCA-1,3
ATCTTGACACCAAC-1,0
ATCTTGACCTCCCA-1,1
ATCTTTCTGCATCA-1,2
ATCTTTCTGTTTCT-1,2
ATCTTTCTTGTCCC-1,2
ATGAAACTCTGTGA-1,3
ATGAAACTGAGGCA-1,0
ATGAAGGAACAGCT-1,2
ATGAAGGACCTGTC-1,4
ATGAAGGACCTTAT-1,4
ATGAAGGACTAGTG-1,4
ATGAAGGACTTGCC-1,2
ATGACGTGACGACT-1,4
ATGACGTGATCGGT-1,5
ATGAGAGAAAGTGA-1,3
ATGAGAGAACGCAT-1,0
ATGAGAGAAGTAGA-1,4
ATGAGCACACAGCT-1,0
ATGAGCACATCTTC-1,0
ATGATAACTTCACT-1,2
ATGATATGAAACAG-1,3
ATGATATGACTGGT-1,0
ATGATATGAGCACT-1,0
ATGATATGGTCATG-1,0
ATGATATGGTGCTA-1,2
ATGATATGTTGTCT-1,1
ATGCACGAATGTCG-1,4
ATGCACGACTGTAG-1,0
ATGCACGAGAACCT-1,4
ATGCACGAGTTCGA-1,0
ATGCACGATTGGTG-1,1
ATGCAGTGTTACCT-1,4
ATGCAGTGTTCTAC-1,0
ATGCCAGAACGACT-1,0
ATGCCAGACAGTCA-1,1
ATGCCGCTTGAACC-1,1
ATGCGATGCTATGG-1,1
ATGCGATGCTGAGT-1,0
ATGCGATGGTTACG-1,4
ATGCGCCTTCATTC-1,0
ATGCTTTGCGAATC-1,3
ATGCTTTGGGCGAA-1,2
ATGCTTTGTAGTCG-1,4
ATGGACACATCGGT-1,3
ATGGACACGCATCA-1,2
ATGGGTACAACCTG-1,4
ATGGGTACATCGGT-1,2
ATGGGTACTATTCC-1,3
ATGGGTACTGGGAG-1,3
ATGTAAACACCTCC-1,0
ATGTAAACCCGCTT-1,3
ATGTAAACGGGATG-1,6
ATGTAAACTCTCCG-1,2
ATGTAAACTTCACT-1,1
ATGTACCTCAGTCA-1,0
ATGTACCTTAGTCG-1,3
ATGTACCTTTATCC-1,1
ATGTACCTTTCACT-1,2
ATGTCACTAATGCC-1,1
ATGTCACTCTGCTC-1,0
ATGTCGGAGGTGAG-1,3
ATGTTCACAGTCTG-1,1
ATGTTCACCGTAGT-1,3
ATGTTGCTTTCAGG-1,0
ATTAACGATGAGAA-1,2
ATTAACGATGCAAC-1,2
ATTAAGACTGCAGT-1,3
ATTACCTGCCTTAT-1,1
ATTACCTGGAGGAC-1,5
ATTACCTGGGCATT-1,4
ATTAGATGTTTCAC-1,0
ATTATGGAATCTCT-1,3
ATTCAAGAACGGGA-1,0
ATTCAAGACCTTTA-1,3
ATTCAGCTCATTGG-1,7
ATTCCAACCATTGG-1,1
ATTCCAACTTAGGC-1,2
ATTCGACTCACTAG-1,2
ATTCGACTGAATAG-1,1
ATTCGACTTTTGTC-1,5
ATTCGGGAAAGGCG-1,1
ATTCGGGATTAGGC-1,3
ATTCTTCTGATACC-1,2
ATTGAATGGACGGA-1,0
ATTGATGAAGGTTC-1,0
ATTGATGACTGAGT-1,0
ATTGATGAGCGAAG-1,3
ATTGATGATCTATC-1,0
ATTGCACTGACGGA-1,0
ATTGCACTGAGAGC-1,5
ATTGCACTGGAGCA-1,1
ATTGCACTTAGCCA-1,3
ATTGCACTTGCTTT-1,5
ATTGCTTGTTACTC-1,4
ATTGGTCTGACTAC-1,4
ATTGGTCTTGTCTT-1,4
ATTGTAGATTCCCG-1,6
ATTGTAGATTGCAG-1,0
ATTGTCTGCGTACA-1,3
ATTTAGGAACCATG-1,5
ATTTAGGACAGAGG-1,3
ATTTCCGAGATGAA-1,3
ATTTCCGAGTGCTA-1,0
ATTTCGTGTATGGC-1,2
ATTTCTCTACTTTC-1,5
ATTTCTCTAGCAAA-1,3
ATTTCTCTCACTTT-1,5
ATTTCTCTTCCCAC-1,0
ATTTGCACAAGATG-1,1
CAAAGCACAGCTCA-1,0
CAAAGCACCGTAAC-1,4
CAAAGCACGGTAAA-1,2
CAAAGCTGAAAGTG-1,0
CAAAGCTGTTGCTT-1,1
CAAATATGTGACAC-1,0
CAAATTGAGGGCAA-1,0
CAAATTGATGGAGG-1,1
CAACCAGAAAAGTG-1,0
CAACCAGAAGTGCT-1,3
CAACCAGAGTTCAG-1,1
CAACCAGATAGAAG-1,1
CAACCGCTGTTCAG-1,0
CAACCGCTTTGAGC-1,3
CAACGATGCGCAAT-1,1
CAACGTGACTCCAC-1,1
CAACGTGAGCCATA-1,2
CAACGTGATCAAGC-1,5
CAAGAAGACCACAA-1,2
CAAGAAGACGTCTC-1,1
CAAGAAGATTCTAC-1,0
CAAGACTGACCTGA-1,4
CAAGACTGAGTAGA-1,4
CAAGCTGACCATAG-1,5
CAAGCTGATCTATC-1,2
CAAGGACTGTTCAG-1,0
CAAGGACTTCTTTG-1,2
CAAGGTTGCTCCAC-1,3
CAAGGTTGTCATTC-1,4
CAAGGTTGTCTGGA-1,2
CAAGTCGAAACAGA-1,4
CAAGTCGATAGCGT-1,1
CAATAAACGCCATA-1,1
CAATAATGAACTGC-1,1
CAATATGACATGGT-1,3
CAATATGACCTTCG-1,2
CAATATGACGTTAG-1,0
CAATATGAGGAGCA-1,3
CAATCGGAGAAACA-1,0
CAATCTACTGACTG-1,2
CAATTCACCCAACA-1,2
CAATTCACGATAGA-1,0
CAATTCACTTGTGG-1,0
CAATTCTGCTTGTT-1,1
CAATTCTGGCGTAT-1,5
CACAACGATACGAC-1,0
CACAATCTTGTTCT-1,2
CACAATCTTTCCAT-1,2
CACACCTGCTTGAG-1,0
CACACCTGTATGGC-1,0
CACAGAACCCTTGC-1,2
CACAGAACCTGATG-1,3
CACAGATGGGATTC-1,3
CACAGATGGTTTCT-1,1
CACAGCCTGATACC-1,3
CACAGCCTTGCCAA-1,5
CACAGCCTTGTAGC-1,0
CACAGTGATGAAGA-1,1
CACATACTACAGCT-1,2
CACATGGAACACGT-1,0
CACATGGAAGTCGT-1,0
CACCACTGCCAACA-1,0
CACCACTGGCGAAG-1,2
CACCCATGTTCTGT-1,2
CACCGGGAATCGAC-1,3
CACCGGGACGAGAG-1,2
CACCGGGACGTGTA-1,0
CACCGGGACTTCTA-1,3
CACCGGGACTTGCC-1,2
CACCGGGATTCGGA-1,2
CACCGTACTAAGGA-1,4
CACCGTACTAGCGT-1,0
CACCTGACACCCAA-1,2
CACCTGACCAGAAA-1,0
CACCTGACCTCAAG-1,2
CACCTGACGAAAGT-1,4
CACCTGACTCGTAG-1,0
CACGAAACTTCCGC-1,4
CACGACCTCGATAC-1,4
CACGCTACAGAAGT-1,0
CACGCTACTGTTCT-1,4
CACGCTACTTGACG-1,1
CACGGGACAGAGTA-1,0
CACGGGACATAAGG-1,0
CACGGGACGTAGGG-1,3
CACGGGTGCTTCGC-1,2
CACGGGTGGAGGAC-1,2
CACGGGTGTGTTTC-1,0
CACTAACTCCTAAG-1,4
CACTAACTGAAAGT-1,0
CACTAGGATGATGC-1,4
CACTATACCCCGTT-1,4
CACTATACGTTTGG-1,2
CACTGAGACAGTCA-1,1
CACTGCACTTCATC-1,0
CACTGCTGAGACTC-1,5
CACTGCTGGAAAGT-1,3
CACTTAACCGAATC-1,3
CACTTAACCGTACA-1,4
CACTTTGACTCTAT-1,2
CACTTTGAGCTGTA-1,2
CAGAAGCTCTCAAG-1,0
CAGACATGAACGGG-1,0
CAGACATGTCGACA-1,3
CAGACCCTAAGGTA-1,5
CAGACCCTAATGCC-1,3
CAGACCCTAGGAGC-1,0
CAGACTGAGTATGC-1,0
CAGATCGAATGTCG-1,4
CAGATCGACCTGAA-1,2
CAGATCGATATGGC-1,0
CAGATGACATTCTC-1,2
CAGCAATGCCTTCG-1,0
CAGCAATGGAGGGT-1,2
CAGCAATGGTGCTA-1,0
CAGCAATGTCTACT-1,1
CAGCAATGTGACCA-1,0
CAGCAATGTGAGGG-1,1
CAGCACCTAAGCCT-1,0
CAGCACCTAGGCGA-1,0
CAGCACCTGTAGGG-1,1
CAGCATGACAACCA-1,1
CAGCATGAGACGTT-1,2
CAGCCTACCCAACA-1,3
CAGCCTTGCTACCC-1,1
CAGCCTTGGGGACA-1,3
CAGCGGACACCCTC-1,0
CAGCGGACCTTTAC-1,2
CAGCGTCTAAAGCA-1,3
CAGCGTCTTATCGG-1,3
CAGCTAGATGTGAC-1,1
CAGCTCTGAGGCGA-1,3
CAGCTCTGCAAGCT-1,2
CAGCTCTGTCGTAG-1,1
CAGCTCTGTGTGGT-1,2
CAGGAACTAACTGC-1,2
CAGGAACTCTCAGA-1,1
CAGGCCGAACACCA-1,0
CAGGCCGAACACGT-1,3
CAGGCCGAACGACT-1,0
CAGGCCGAATCTCT-1,5
CAGGCCGACTAGCA-1,4
CAGGGCACCATACG-1,4
CAGGGCACCCAACA-1,0
CAGGGCACTCCCGT-1,3
CAGGTAACAGACTC-1,1
CAGGTATGAGTCGT-1,0
CAGGTATGTGCTTT-1,3
CAGGTTGAGGATCT-1,4
CAGTGATGGACGGA-1,4
CAGTGATGGCTAAC-1,2
CAGTGATGGGACAG-1,3
CAGTGATGTAAGGA-1,4
CAGTGATGTACGCA-1,4
CAGTGTGAACACGT-1,2
CAGTGTGATGTCAG-1,0
CAGTTACTAAGGTA-1,4
CAGTTACTGATAGA-1,3
CAGTTGGAAAGAGT-1,1
CAGTTGGACATACG-1,0
CAGTTTACACACGT-1,2
CAGTTTACCCCAAA-1,0
CATAAAACGGAGCA-1,1
CATAAATGAACTGC-1,0
CATAACCTTCTCCG-1,3
CATACTACCTCGAA-1,0
CATACTACCTGAAC-1,0
CATACTACGTACCA-1,1
CATACTTGGGTTAC-1,5
CATAGTCTAATCGC-1,0
CATAGTCTCACTTT-1,3
CATATAGACTAAGC-1,6
CATATAGATCAGGT-1,4
CATCAACTAGAAGT-1,3
CATCAACTCCCTCA-1,0
CATCAGGACTTCCG-1,2
CATCAGGATAGCCA-1,2
CATCAGGATCCTAT-1,5
CATCAGGATGCACA-1,1
CATCAGGATTTCGT-1,1
CATCATACCGCATA-1,1
CATCATACGGAGCA-1,4
CATCATACTCAAGC-1,0
CATCGCTGGGATCT-1,3
CATCGCTGTGGCAT-1,4
CATCGGCTATGCTG-1,0
CATCGGCTTTGGCA-1,0
CATCTCCTATGTGC-1,4
CATCTCCTCGAACT-1,5
CATGAGACACGGGA-1,4
CATGAGACGTTGAC-1,2
CATGAGACTCGCCT-1,0
CATGCCACGGGTGA-1,0
CATGCCACTGCCAA-1,3
CATGCGCTAGTCAC-1,5
CATGCGCTCAGATC-1,1
CATGCGCTTTGCAG-1,5
CATGGCCTAGGGTG-1,1
CATGGCCTGTGCAT-1,0
CATGTACTATCGTG-1,2
CATGTTACAGTCGT-1,2
CATGTTACCTGAGT-1,0
CATGTTTGGGGATG-1,1
CATTACACACGGAG-1,4
CATTACACCAACTG-1,2
CATTACACGGAGTG-1,0
CATTACACTACTCT-1,0
CATTAGCTCCACAA-1,1
CATTGACTAGCGGA-1,1
CATTGGGACTCGAA-1,0
CATTGTACAGCGTT-1,0
CATTGTACTCGATG-1,4
CATTGTACTTATCC-1,0
CATTGTACTTTGCT-1,5
CATTGTTGCTAGTG-1,0
CATTTCGACTCTAT-1,2
CATTTCGAGATACC-1,2
CATTTGACCACACA-1,2
CATTTGACCCTGAA-1,2
CATTTGTGACGACT-1,4
CATTTGTGCATTGG-1,0
CATTTGTGCGGAGA-1,0
CATTTGTGGGATCT-1,4
CCAAAGTGCTACGA-1,1
CCAAAGTGTGAGAA-1,1
CCAACCTGAAGTAG-1,2
CCAACCTGACGTAC-1,1
CCAACCTGTTCGCC-1,1
CCAAGAACCCAATG-1,0
CCAAGAACGTAGCT-1,0
CCAAGAACGTGTCA-1,0
CCAAGAACTACTGG-1,2
CCAAGAACTCCTAT-1,4
CCAAGATGTCATTC-1,0
CCAAGATGTTTCAC-1,0
CCAAGTGAGGAACG-1,0
CCAAGTGATCAAGC-1,3
CCAATGGAACAGCT-1,1
CCAATTTGAACGTC-1,1
CCACCATGAACGTC-1,0
CCACCATGATCGGT-1,0
CCACCATGGACGAG-1,5
CCACCATGGGGAGT-1,0
CCACCATGTCCTGC-1,2
CCACTGACCCGCTT-1,1
CCACTGTGGGAAGC-1,1
CCACTGTGTGTAGC-1,0
CCACTTCTCGGGAA-1,1
CCAGAAACCCTGTC-1,4
CCAGAAACGAACTC-1,3
CCAGAAACGGTCTA-1,0
CCAGACCTCTGAGT-1,1
CCAGACCTTGTGGT-1,0
CCAGCACTGCGATT-1,5
CCAGCGGAAAGGCG-1,1
CCAGCGGACGACTA-1,1
CCAGCGGATGGGAG-1,3
CCAGCTACACAGTC-1,0
CCAGCTACCAGCTA-1,4
CCAGGTCTACACCA-1,4
CCAGGTCTAGCATC-1,1
CCAGGTCTATGGTC-1,3
CCAGTCACACTGGT-1,1
CCAGTCACACTGTG-1,4
CCAGTCACGTTGTG-1,0
CCAGTCTGCGGAGA-1,2
CCAGTGCTAACCAC-1,3
CCAGTGCTCGTAGT-1,3
CCATCCGAAAGCAA-1,0
CCATCCGAACGACT-1,0
CCATCCGAAGGTTC-1,4
CCATCCGATTCGCC-1,1
CCATCGTGAACGGG-1,3
CCATCGTGCTAGAC-1,5
CCCAACACCTCGCT-1,4
CCCAACACGCATCA-1,0
CCCAACACTTTGTC-1,1
CCCAACTGCAATCG-1,1
CCCAGACTGCCTTC-1,1
CCCAGACTGGTTTG-1,4
CCCAGACTTTCGCC-1,5
CCCAGTTGCAGTTG-1,1
CCCAGTTGGGTACT-1,2
CCCAGTTGTCTATC-1,4
CCCGATTGTGTTTC-1,0
CCCGGAGAAGGGTG-1,1
CCCTACGAATTGGC-1,1
CCCTAGTGCAAAGA-1,3
CCCTCAGACACTTT-1,4
CCCTCAGACGAGAG-1,0
CCCTCAGAGGTCAT-1,0
CCCTGAACTAAAGG-1,4
CCCTGATGCAACCA-1,0
CCCTGATGCAAGCT-1,4
CCCTTACTAACCAC-1,1
CCCTTACTGCAGTT-1,2
CCGAAAACCTTGTT-1,1
CCGACACTGGTTTG-1,3
CCGACTACCCAGTA-1,1
CCGACTACCGTGTA-1,0
CCGACTACTGAGGG-1,3
CCGATAGACCTAAG-1,0
CCGATAGAGTTGGT-1,1
CCGCGAGACACACA-1,1
CCGCGAGAGGTTCA-1,2
CCGCTATGGGACGA-1,4
CCGCTATGTGCAAC-1,1
CCGCTATGTGCACA-1,1
CCGGTACTGTCCTC-1,0
CCGTACACAAGCAA-1,0
CCGTACACAGCGTT-1,4
CCGTACACGTCATG-1,2
CCGTACACGTTGGT-1,1
CCGTACACTAACGC-1,2
CCTAAACTTTCGTT-1,0
CCTAAGGACCCAAA-1,0
CCTAAGGACTAGCA-1,1
CCTAAGGAGGGCAA-1,2
CCTAAGGATGATGC-1,0
CCTAAGGATGTCAG-1,0
CCTACCGACTCTTA-1,0
CCTACCGAGGGATG-1,4
CCTAGAGAGGTGAG-1,4
CCTATAACCAAAGA-1,0
CCTATAACGAGACG-1,5
CCTATAACTCAGAC-1,0
CCTATAACTGCATG-1,5
CCTCGAACACTTTC-1,2
CCTCGAACCCGTAA-1,5
CCTCGAACGTATCG-1,0
CCTCGAACTTACTC-1,3
CCTCTACTCTTCGC-1,1
CCTCTACTGGCATT-1,0
CCTGACTGAAGTAG-1,2
CCTGACTGGGGAGT-1,0
CCTGACTGTGTCTT-1,4
CCTGCAACACGTTG-1,1
CCTGGACTCGTGAT-1,0
CCTTAATGCCCAAA-1,4
CCTTAATGTTCTAC-1,5
CCTTCACTACGACT-1,0
CCTTCACTCAGTCA-1,4
CCTTCACTGGAGTG-1,1
CCTTTAGATTCATC-1,1
CGAACATGCCCTAC-1,1
CGAACATGTCAGAC-1,0
CGAAGACTGGAACG-1,2
CGAAGACTGTTACG-1,0
CGAAGGGAAACCTG-1,2
CGAAGGGATCCGAA-1,4
CGAAGTACCAACTG-1,4
CGAATCGAGGAGCA-1,1
CGAATCGAGGAGGT-1,0
CGACAAACCCATAG-1,0
CGACAAACCGACAT-1,4
CGACCACTAAAGTG-1,2
CGACCACTGCCAAT-1,2
CGACCGGAAGGTCT-1,0
CGACCGGATGGAAA-1,3
CGACCTTGCTAGTG-1,3
CGACCTTGGCAAGG-1,0
CGACGTCTATCGTG-1,2
CGACGTCTCGTGTA-1,0
CGACGTCTGAGGCA-1,0
CGACTCACGTCGTA-1,0
CGACTCACGTTGCA-1,0
CGACTCTGTGTGAC-1,3
CGACTGCTTCCTCG-1,1
CGAGAACTAAGGCG-1,2
CGAGAACTACGTTG-1,0
CGAGAACTTGTTCT-1,1
CGAGATTGGACACT-1,2
CGAGATTGGCCATA-1,2
CGAGCCGAACACCA-1,3
CGAGCCGACGACAT-1,2
CGAGCCGAGGCGAA-1,0
CGAGCGTGCTCCAC-1,3
CGAGCGTGGATACC-1,3
CGAGCGTGTATGCG-1,1
CGAGGAGACCTCCA-1,4
CGAGGAGATGTCGA-1,0
CGAGGCACCTATGG-1,2
CGAGGCACTATGCG-1,1
CGAGGCACTCTTCA-1,2
CGAGGCTGACGCTA-1,2
CGAGGCTGGCAGTT-1,1
CGAGGGCTACGACT-1,4
CGAGGGCTCGAATC-1,0
CGAGTATGTCACCC-1,5
CGATACGAACAGTC-1,1
CGATACGACAGGAG-1,2
CGATACGATTCACT-1,4
CGATAGACCCGTAA-1,1
CGATAGACCGTACA-1,3
CGATAGACGTAGGG-1,1
CGATAGACTGTTCT-1,0
CGATCAGAAGAACA-1,2
CGATCAGAGAGGGT-1,0
CGATCAGAGGTACT-1,3
CGATCAGATGTGAC-1,6
CGATCCACCGGGAA-1,2
CGATCCACTTCCAT-1,4
CGCAAATGCTCGAA-1,0
CGCAACCTCCTTGC-1,0
CGCAACCTGGACGA-1,0
CGCACGGAGGACGA-1,4
CGCACGGATCTTTG-1,0
CGCACTACAGAATG-1,0
CGCACTACAGCCAT-1,3
CGCACTACATTGGC-1,3
CGCACTACTCGCCT-1,4
CGCACTACTCGTGA-1,2
CGCACTTGTCACGA-1,1
CGCAGGACAGATCC-1,2
CGCAGGACCTACTT-1,0
CGCAGGACTTGTCT-1,5
CGCAGGTGCACTGA-1,3
CGCAGGTGCCATAG-1,5
CGCAGGTGGGAACG-1,3
CGCATAGATCACGA-1,1
CGCCATACTGCAAC-1,3
CGCCATTGAGAGGC-1,0
CGCCATTGCTATGG-1,3
CGCCATTGGAGACG-1,3
CGCCATTGGAGCAG-1,4
CGCCATTGTACTGG-1,4
CGCCGAGAGCTTAG-1,2
CGCCTAACGAATGA-1,1
CGCCTAACTGCTCC-1,3
CGCGAGACACAGCT-1,2
CGCGAGACAGGTCT-1,4
CGCGAGACGCTACA-1,3
CGCGATCTCAGTCA-1,1
CGCGATCTGTTGAC-1,1
CGCGATCTTTCTTG-1,4
CGCGGATGGCCAAT-1,3
CGCTAAGAATGTCG-1,3
CGCTAAGACAACTG-1,0
CGCTAAGACCCTTG-1,0
CGCTACTGAACAGA-1,1
CGCTACTGAGAACA-1,0
CGCTACTGTGAGCT-1,0
CGCTACTGTTCCCG-1,2
CGCTCATGCATTTC-1,1
CGGAATTGCACTAG-1,0
CGGAATTGGTTTGG-1,3
CGGAATTGTGGAGG-1,3
CGGACCGATGCGTA-1,2
CGGACCGATGGGAG-1,0
CGGACTCTAAACAG-1,4
CGGACTCTCCAATG-1,3
CGGACTCTCCTCGT-1,2
CGGAGGCTATTCCT-1,0
CGGAGGCTTGGATC-1,0
CGGATAACAACGAA-1,1
CGGATAACAGCTCA-1,3
CGGATAACTCAGTG-1,1
CGGCACGAACTCAG-1,2
CGGCACGAAGGGTG-1,0
CGGCACGACTACGA-1,5
CGGCATCTTAGAAG-1,2
CGGCATCTTCGTAG-1,1
CGGCCAGAAAGGTA-1,0
CGGCCAGAGAGGCA-1,2
CGGCGAACCAGTCA-1,1
CGGCGAACGACAAA-1,2
CGGCGAACGGTCTA-1,0
CGGCGAACTACTTC-1,2
CGGGACTGCGTGTA-1,0
CGGGACTGGAATAG-1,2
CGGGCATGACCCAA-1,2
CGGGCATGTCTCTA-1,2
CGGGCATGTTGTGG-1,0
CGGTAAACTCGCAA-1,3
CGGTCACTGTTTGG-1,3
CGGTCACTTACTTC-1,3
CGTAACGAATCAGC-1,0
CGTAACGATCGCCT-1,3
CGTACCACACACAC-1,0
CGTACCACACGTTG-1,0
CGTACCACCTCATT-1,0
CGTACCACGCTACA-1,2
CGTACCACGGAGCA-1,0
CGTACCTGGACGAG-1,5
CGTACCTGGCATCA-1,2
CGTAGCCTCTCTCG-1,1
CGTAGCCTGCGAAG-1,3
CGTAGCCTGTATGC-1,1
CGTCAAGAAAGGTA-1,1
CGTCAAGAACGTGT-1,0
CGTCAAGACAGAGG-1,3
CGTCAAGACAGGAG-1,2
CGTCCATGCTCTTA-1,0
CGTCGACTTTCCGC-1,2
CGTGATGACGCTAA-1,0
CGTGATGAGGTTCA-1,0
CGTGCACTTATGGC-1,1
CGTGTAGAAAAACG-1,0
CGTGTAGACGATAC-1,2
CGTGTAGAGTTACG-1,2
CGTGTAGAGTTCAG-1,1
CGTGTAGATTCGGA-1,2
CGTTAGGAAACCAC-1,0
CGTTAGGATCATTC-1,1
CGTTATACCCTGAA-1,2
CGTTTAACTGGTCA-1,3
CTAAACCTCTGACA-1,2
CTAAACCTGTGCAT-1,4
CTAACACTAACGTC-1,0
CTAACACTAGTGCT-1,1
CTAACGGAACCGAT-1,2
CTAACGGATTTCTG-1,0
CTAACTACGGCAAG-1,0
CTAAGGACACCATG-1,0
CTAAGGACCGTTAG-1,0
CTAAGGACGCCATA-1,1
CTAAGGTGCCTAAG-1,4
CTAAGGTGTTGCAG-1,0
CTAAGGTGTTTCTG-1,0
CTAATAGAGCTATG-1,0
CTAATGCTTGTGGT-1,1
CTACAACTCCCGTT-1,2
CTACCTCTCAACCA-1,2
CTACGCACACCTAG-1,5
CTACGCACTCTCCG-1,3
CTACGCACTGGTCA-1,2
CTACGGCTTTCTTG-1,1
CTACTATGAACCAC-1,1
CTACTATGATGTGC-1,1
CTACTATGCTAAGC-1,3
CTACTATGTAAAGG-1,4
CTACTCCTATGTCG-1,2
CTACTCCTGCCATA-1,1
CTAGAGACACTTTC-1,3
CTAGAGACAGCATC-1,2
CTAGAGACTTTGGG-1,5
CTAGATCTCTCTAT-1,3
CTAGATCTTCGACA-1,0
CTAGGATGAGCCTA-1,4
CTAGGATGATCGTG-1,4
CTAGGCCTCTCAGA-1,3
CTAGGTGATGGTTG-1,5
CTAGTTACCAGAGG-1,0
CTAGTTACCGCATA-1,0
CTAGTTACGAAACA-1,2
CTAGTTTGAGTACC-1,2
CTATAAGATCGTTT-1,4
CTATACTGAGGTTC-1,1
CTATACTGCCAGTA-1,0
CTATACTGCGCTAA-1,1
CTATACTGCTACGA-1,2
CTATACTGTCTCAT-1,2
CTATACTGTTCGTT-1,0
CTATAGCTGTCACA-1,0
CTATAGCTTCGCTC-1,1
CTATAGCTTGCCTC-1,1
CTATCAACGAACTC-1,0
CTATCAACGCAGAG-1,3
CTATCAACTTTGGG-1,0
CTATCCCTCCACCT-1,1
CTATGTACGAGAGC-1,0
CTATGTACGCTTAG-1,0
CTATGTACTGTTTC-1,4
CTATGTTGAAAGCA-1,3
CTATGTTGTCCTCG-1,0
CTATGTTGTCTCGC-1,3
CTATTGACAAACGA-1,1
CTATTGACACTGGT-1,1
CTATTGACGGTGAG-1,1
CTATTGTGGCAAGG-1,0
CTCAATTGGTTCAG-1,3
CTCAATTGGTTGCA-1,1
CTCAGAGATAGAAG-1,0
CTCAGCACTCTAGG-1,3
CTCAGCACTGAACC-1,1
CTCAGCACTTGCAG-1,0
CTCAGCTGAACCTG-1,1
CTCAGCTGCAGTTG-1,0
CTCAGCTGTTTCTG-1,2
CTCAGGCTCGTTGA-1,5
CTCAGGCTGCTAAC-1,0
CTCATTGACCTTAT-1,3
CTCATTGATGCTTT-1,1
CTCATTGATTGCTT-1,1
CTCCACGAGAGATA-1,6
CTCCATCTCTTAGG-1,0
CTCCATCTGACGAG-1,0
CTCCGAACAAGTGA-1,5
CTCCTACTGCCTTC-1,1
CTCGAAGATGTGGT-1,0
CTCGAAGATTAGGC-1,1
CTCGACTGCTCTAT-1,0
CTCGACTGGGTGAG-1,0
CTCGACTGGTTGAC-1,2
CTCGAGCTCTGGAT-1,2
CTCGCATGACTTTC-1,2
CTCGCATGCTTAGG-1,0
CTCTAAACCTCGAA-1,0
CTCTAAACGGCGAA-1,0
CTCTAATGTCCAAG-1,1
CTGAACGACAGTCA-1,3
CTGAACGATGAGGG-1,3
CTGAAGACCCAACA-1,3
CTGAAGACGTGCAT-1,4
CTGAAGTGAAGCCT-1,5
CTGAAGTGCAGCTA-1,4
CTGAAGTGGCTATG-1,0
CTGAAGTGTCCAGA-1,0
CTGAATCTGAATAG-1,3
CTGACAGAATCGTG-1,2
CTGACCACAGCAAA-1,0
CTGAGAACCGGGAA-1,3
CTGAGAACGTAAAG-1,2
CTGATACTAGTAGA-1,0
CTGATTTGGTGTTG-1,1
CTGCAGCTAACCGT-1,0
CTGCAGCTGACACT-1,0
CTGCAGCTGGATTC-1,1
CTGCAGCTTGGCAT-1,2
CTGCCAACAGGAGC-1,2
CTGCCAACCAGCTA-1,0
CTGCCAACTAACCG-1,1
CTGCCAACTGCTCC-1,2
CTGCCAACTTGCAG-1,0
CTGCCAACTTGCTT-1,2
CTGCGACTCCACCT-1,2
CTGGAAACAAACGA-1,2
CTGGAAACATCGAC-1,0
CTGGATGACTGGAT-1,2
CTGGATGACTTGTT-1,0
CTGGATGATGTGAC-1,4
CTGGCACTCAAGCT-1,1
CTGGCACTGGACAG-1,2
CTGTAACTAACCAC-1,3
CTGTAACTAGCGTT-1,0
CTGTATACGTAAAG-1,0
CTGTATACGTACGT-1,1
CTGTATACGTTGGT-1,0
CTGTGAGACAACCA-1,5
CTGTGAGACCTTGC-1,2
CTGTGAGACGAACT-1,1
CTGTGAGACTGTAG-1,1
CTTAAAGAACCTGA-1,0
CTTAACACCTGTAG-1,3
CTTAACACGAGCTT-1,3
CTTAACACTATCGG-1,4
CTTAAGCTACCTAG-1,0
CTTAAGCTAGTACC-1,0
CTTAAGCTCATCAG-1,0
CTTAAGCTCCGCTT-1,4
CTTAAGCTTCCTCG-1,2
CTTACAACTAACGC-1,0
CTTACAACTCCCGT-1,1
CTTACTGACGTACA-1,0
CTTAGACTAAACGA-1,3
CTTAGGGACTTGCC-1,3
CTTAGGGAGAATCC-1,0
CTTATCGACTCATT-1,3
CTTCACCTACCTGA-1,5
CTTCATGAAGCATC-1,4
CTTCATGAAGTACC-1,0
CTTCATGACCGAAT-1,2
CTTGAACTACGCAT-1,0
CTTGATTGAGGTTC-1,2
CTTGATTGATCTTC-1,7
CTTGATTGCATTCT-1,3
CTTGATTGTTTCGT-1,3
CTTGTATGACACCA-1,4
CTTGTATGCGCAAT-1,4
CTTTACGAGCGAAG-1,0
CTTTAGACCGTGAT-1,0
CTTTAGACGAGACG-1,0
CTTTAGACGATACC-1,0
CTTTAGACGTTGGT-1,2
CTTTAGACTCATTC-1,2
CTTTAGTGACGGGA-1,2
CTTTAGTGGGTGGA-1,0
CTTTCAGAGAAACA-1,0
CTTTGATGAGCACT-1,0
CTTTGATGTCTAGG-1,2
CTTTGATGTGTCCC-1,3
CTTTGATGTGTGGT-1,0
GAAACAGAACTACG-1,0
GAAACAGAATCACG-1,0
GAAACAGACATTCT-1,0
GAAACCTGATCGTG-1,0
GAAACCTGATGCCA-1,3
GAAACCTGCTTATC-1,0
GAAACCTGGACTAC-1,5
GAAACCTGTGCTAG-1,3
GAAAGATGATTTCC-1,3
GAAAGATGCTGATG-1,5
GAAAGATGCTTCGC-1,1
GAAAGATGTAAGGA-1,0
GAAAGATGTTTGCT-1,2
GAAAGCCTACGTTG-1,4
GAAAGTGAAAGTGA-1,6
GAAAGTGACCACAA-1,6
GAAAGTGACTCAAG-1,3
GAAATACTACCAAC-1,1
GAAATACTCTTAGG-1,4
GAAATACTTCCTCG-1,3
GAACACACGTGCAT-1,1
GAACACACTGCCTC-1,0
GAACAGCTAACTGC-1,1
GAACAGCTCTCAGA-1,5
GAACCAACCACAAC-1,2
GAACCAACTTCCGC-1,2
GAACCTGAACGTGT-1,3
GAACCTGAGAGACG-1,0
GAACCTGATGAACC-1,3
GAACGGGATACTTC-1,0
GAACGTTGACGGAG-1,2
GAACTGTGACCTGA-1,5
GAACTGTGCCAGTA-1,1
GAAGAATGCAATCG-1,0
GAAGCGGACCTATT-1,1
GAAGCTACGAATGA-1,1
GAAGCTACGGTTTG-1,3
GAAGGGTGAAAGTG-1,0
GAAGGGTGCTTAGG-1,1
GAAGGTCTGAAAGT-1,3
GAAGGTCTGTTGCA-1,0
GAAGGTCTTAAAGG-1,6
GAAGTAGACTCCCA-1,2
GAAGTAGATCCAAG-1,5
GAAGTCACCCTCGT-1,1
GAAGTCACCCTGTC-1,4
GAAGTCTGTCGCAA-1,4
GAAGTCTGTTCTGT-1,0
GAAGTGCTAAACGA-1,2
GAAGTGCTCCGCTT-1,1
GAAGTGCTTAACCG-1,3
GAATGCACCCTAAG-1,3
GAATGCACCTTCGC-1,2
GAATGCTGCGGTAT-1,0
GAATGGCTAAGATG-1,0
GAATTAACGATAAG-1,0
GAATTAACGGTCAT-1,0
GAATTAACGTCGTA-1,2
GAATTAACTGAAGA-1,4
GACAACACAGGCGA-1,0
GACAACACATCGTG-1,0
GACAACACTCGCCT-1,0
GACAACTGAGGTTC-1,0
GACAGGGAAGAGTA-1,4
GACAGGGAATGCCA-1,3
GACAGTACGAGCTT-1,5
GACAGTACTTCGGA-1,5
GACAGTTGAGTAGA-1,4
GACATTCTCCACCT-1,6
GACCAAACGACTAC-1,1
GACCAAACGTATCG-1,1
GACCATGACTCTCG-1,1
GACCCTACTAAAGG-1,4
GACCTAGACCTCAC-1,0
GACCTAGACGAGAG-1,3
GACCTCACAAGGTA-1,0
GACCTCACGTACGT-1,1
GACCTCTGCATCAG-1,0
GACGAACTCCCACT-1,0
GACGATTGCCAATG-1,4
GACGCCGACCTTCG-1,3
GACGCTCTCTCTCG-1,7
GACGGCACACGGGA-1,2
GACGGCACGAGATA-1,1
GACGTAACCTATGG-1,0
GACGTAACCTGTGA-1,3
GACGTAACTATGGC-1,3
GACGTATGTTGACG-1,0
GACGTATGTTTGCT-1,0
GACGTCCTACGGAG-1,0
GACGTCCTCTCAAG-1,1
GACGTCCTGATAAG-1,4
GACTACGATGGTCA-1,4
GACTCCTGCTCGCT-1,0
GACTCCTGGGTTAC-1,0
GACTCCTGTTATCC-1,3
GACTCCTGTTGGTG-1,1
GACTGAACAACCGT-1,4
GACTGAACCAATCG-1,1
GACTGATGTGATGC-1,0
GACTTTACATGCCA-1,0
GACTTTACGACAGG-1,4
GAGAAATGTTCTCA-1,4
GAGATAGAAAAAGC-1,1
GAGATCACGACAAA-1,5
GAGATGCTCTGGAT-1,2
GAGATGCTGAATGA-1,3
GAGCAGGATTCCCG-1,2
GAGCATACTTTGCT-1,5
GAGCGCACGCGTAT-1,1
GAGCGCACGGTGAG-1,2
GAGCGCTGAAGATG-1,2
GAGCGCTGTCTTAC-1,1
GAGCGGCTGGGAGT-1,4
GAGGACGACTCAGA-1,0
GAGGATCTGAAAGT-1,4
GAGGCAGACTTGCC-1,2
GAGGGAACACCAGT-1,3
GAGGGAACGAGGGT-1,3
GAGGGATGGGAAAT-1,0
GAGGGCCTTCACCC-1,3
GAGGGTGAAGAGTA-1,0
GAGGTACTACGGTT-1,0
GAGGTACTACTCAG-1,1
GAGGTACTGACACT-1,2
GAGGTACTGGGAGT-1,0
GAGGTACTTAGCGT-1,1
GAGGTGGAGTACGT-1,0
GAGGTGGATCCTCG-1,2
GAGGTTACTCGTTT-1,1
GAGGTTTGTAAGCC-1,1
GAGTCAACCATTCT-1,0
GAGTCAACGGGAGT-1,0
GAGTCTGATCGTGA-1,0
GAGTCTGATTTGGG-1,4
GAGTGACTCAGCTA-1,3
GAGTGACTCGGTAT-1,2
GAGTGACTCTTGCC-1,4
GAGTGACTGACTAC-1,4
GAGTGACTGTCTAG-1,0
GAGTGGGAGTCTTT-1,4
GAGTGGGATGCCCT-1,0
GAGTGGGATGCTGA-1,4
GAGTGTTGCTGTAG-1,3
GAGTGTTGTGGTCA-1,0
GAGTTGTGCATGGT-1,1
GAGTTGTGCTGAGT-1,2
GAGTTGTGGCGAGA-1,1
GAGTTGTGGTAGCT-1,7
GAGTTGTGTATGCG-1,5
GATAAGGAGAAACA-1,1
GATAAGGATTCACT-1,1
GATACTCTATCGGT-1,0
GATACTCTTACTTC-1,0
GATACTCTTGACTG-1,1
GATAGAGAAGGGTG-1,2
GATAGAGACTGTGA-1,3
GATAGAGATCACGA-1,6
GATAGCACCCATAG-1,3
GATAGCACGAAGGC-1,1
GATAGCACTTGTCT-1,0
GATATAACAAGGTA-1,3
GATATAACACGCAT-1,0
GATATATGCTGGAT-1,0
GATATATGTCCGTC-1,2
GATATATGTGGAGG-1,1
GATATCCTAGAAGT-1,0
GATATCCTCCCGTT-1,1
GATATTGACAGGAG-1,2
GATATTGACGAGTT-1,5
GATATTGAGCCAAT-1,0
GATCCCTGACCTTT-1,2
GATCCCTGTGTAGC-1,2
GATCCGCTGGTCAT-1,1
GATCGAACCGAGAG-1,3
GATCGATGACTAGC-1,4
GATCGATGGTAAAG-1,4
GATCGATGTAAGGA-1,1
GATCGTGACACTAG-1,0
GATCGTGATTCACT-1,3
GATCTACTGGTGAG-1,2
GATCTACTTTGCAG-1,4
GATCTTACACCCAA-1,5
GATCTTACCCTACC-1,3
GATCTTACGAATAG-1,1
GATCTTACGAGATA-1,1
GATGCAACTCCAGA-1,0
GATGCCCTACGTAC-1,3
GATGCCCTCTCATT-1,0
GATGCCCTGGCAAG-1,1
GATGCCCTTTTGCT-1,0
GATTACCTTGTTCT-1,0
GATTCGGAACGACT-1,0
GATTCGGACAGGAG-1,1
GATTCGGAGAAGGC-1,5
GATTCTTGATTCGG-1,1
GATTCTTGCCGATA-1,0
GATTCTTGCGAGTT-1,4
GATTGGACCCGTTC-1,4
GATTGGACGGTGTT-1,4
GATTGGACTTTCGT-1,4
GATTGGTGTGTCAG-1,3
GATTTAGACACTCC-1,5
GATTTAGACTAAGC-1,4
GATTTAGATTCGTT-1,1
GATTTGCTAACGAA-1,0
GATTTGCTAACGGG-1,1
GCAACCCTCCTCGT-1,1
GCAACTGATTGCGA-1,0
GCAAGACTACTGGT-1,3
GCAAGACTAGGTCT-1,3
GCAAGACTCCCTTG-1,0
GCAATCGACTGCAA-1,2
GCAATCGAGACGTT-1,1
GCAATCGATCCTTA-1,1
GCAATTCTCGTGTA-1,3
GCAATTCTTCTCCG-1,3
GCACAAACAATGCC-1,2
GCACAAACGGTACT-1,3
GCACAATGGTGCAT-1,6
GCACACCTGTGCTA-1,2
GCACCACTCATGAC-1,1
GCACCACTGTTTGG-1,1
GCACCACTTCCTTA-1,2
GCACCACTTTCGGA-1,1
GCACCTACGCGATT-1,3
GCACCTTGGCTGTA-1,0
GCACCTTGGGGAGT-1,1
GCACGGACCAGCTA-1,3
GCACGGTGACCTCC-1,3
GCACGGTGCTATGG-1,1
GCACTAGAACGGGA-1,3
GCACTAGAAGATGA-1,4
GCACTAGACCTTTA-1,5
GCACTAGACGTAAC-1,4
GCACTAGAGTCGTA-1,2
GCACTAGATGCAAC-1,0
GCACTGCTGAGGCA-1,3
GCAGATACAGCGTT-1,2
GCAGATACGACGGA-1,0
GCAGATACGCAGAG-1,0
GCAGCCGACAGTCA-1,0
GCAGCGTGCACTCC-1,0
GCAGCTCTCAATCG-1,0
GCAGCTCTGTTTCT-1,3
GCAGGGCTAAGAAC-1,0
GCAGGGCTAAGGGC-1,0
GCAGGGCTATCGAC-1,2
GCAGGGCTTGGGAG-1,2
GCAGTCCTAACTGC-1,0
GCAGTCCTCTCTTA-1,0
GCATCAGATGCGTA-1,2
GCATGTGACAAGCT-1,0
GCATTGGAGAAGGC-1,3
GCCAAAACGAGGCA-1,2
GCCAAATGATCGAC-1,3
GCCAACCTACGGTT-1,0
GCCAACCTCGCCTT-1,0
GCCACGGAGGCGAA-1,1
GCCACGGATACTGG-1,0
GCCACTACCTACTT-1,4
GCCACTACGTCTTT-1,3
GCCCAACTACCGAT-1,0
GCCCAACTATGGTC-1,2
GCCCATACAGCGTT-1,3
GCCGACGAACTCTT-1,1
GCCGAGTGCGTTGA-1,3
GCCGGAACGAACTC-1,2
GCCGGAACGTTCTT-1,2
GCCGGAACTGCACA-1,2
GCCGGAACTTACTC-1,3
GCCGTACTACCTGA-1,0
GCCGTACTGGCAAG-1,1
GCCTACACAGTTCG-1,2
GCCTACACCACTGA-1,5
GCCTACACCTTGAG-1,0
GCCTAGCTACGGAG-1,4
GCCTAGCTCTATTC-1,0
GCCTAGCTTCTCAT-1,0
GCCTAGCTTCTCTA-1,5
GCCTCAACCATGGT-1,0
GCCTCAACTCTTTG-1,2
GCCTCATGTCTTAC-1,2
GCCTGACTCTCAAG-1,1
GCGAAGGAACTCTT-1,0
GCGAAGGAGAGCTT-1,2
GCGAAGGATGCCAA-1,0
GCGAGAGAGGGACA-1,3
GCGAGCACTGTCGA-1,4
GCGAGCACTTGACG-1,0
GCGAGCACTTGCTT-1,1
GCGATATGGTACGT-1,3
GCGATATGGTGTTG-1,0
GCGCACGAAGTCGT-1,0
GCGCACGACTTTAC-1,1
GCGCATCTAGGTCT-1,0
GCGCATCTGGTTAC-1,7
GCGCATCTTCGATG-1,0
GCGCATCTTGCTCC-1,2
GCGCATCTTTCTAC-1,0
GCGCGAACGTTCTT-1,4
GCGCGATGAACGGG-1,0
GCGCGATGGTGCAT-1,2
GCGGAGCTCCTGAA-1,0
GCGGCAACCCGATA-1,0
GCGGCAACGGAGGT-1,4
GCGGCAACTGTCGA-1,1
GCGTAAACACGGTT-1,6
GCGTAATGCACCAA-1,5
GCGTATGAACACCA-1,0
GCGTATGATGAGAA-1,1
GCTACAGAAAGGTA-1,0
GCTACAGAATCTTC-1,4
GCTACAGATCTTAC-1,3
GCTACCTGAGAAGT-1,1
GCTACCTGATCACG-1,3
GCTACGCTAGAATG-1,0
GCTACGCTAGCTAC-1,3
GCTACGCTCCCTAC-1,3
GCTAGAACAGAGGC-1,4
GCTAGAACGGATCT-1,3
GCTAGAACTCCCGT-1,0
GCTAGATGAGCTCA-1,1
GCTAGATGGCGATT-1,2
GCTATACTAAGGCG-1,0
GCTATACTAGCGTT-1,2
GCTATACTCTCTTA-1,0
GCTATACTGGACGA-1,3
GCTCAAGAACCATG-1,5
GCTCAAGAAGTCAC-1,1
GCTCAGCTGTCTAG-1,0
GCTCCATGAGAAGT-1,2
GCTCCATGCCGAAT-1,0
GCTCGACTCTAGTG-1,1
GCTGATGAGGTATC-1,1
GCTTAACTACAGTC-1,1
GCTTAACTACTGGT-1,2
GCTTAACTGCTGAT-1,0
GCTTAACTTAGACC-1,1
GCTTAACTTCAGTG-1,0
GGAACACTCACTTT-1,1
GGAACACTTCAGAC-1,7
GGAACTACTACTTC-1,0
GGAACTTGAAGGTA-1,1
GGAACTTGAGAATG-1,0
GGAACTTGCTCCAC-1,1
GGAACTTGGGTAGG-1,4
GGAAGGACATCGGT-1,1
GGAAGGACCACTAG-1,3
GGAAGGACGAGGGT-1,0
GGAAGGACGCGAAG-1,2
GGAAGGTGGCGAGA-1,2
GGAATCTGAAGGGC-1,0
GGAATCTGAGGAGC-1,3
GGAATCTGCTTAGG-1,4
GGAATCTGCTTGTT-1,1
GGAATCTGGGAGGT-1,0
GGAATGCTTTCTAC-1,0
GGACAGGAAAGGGC-1,2
GGACAGGAGTGCTA-1,4
GGACAGGATCTCGC-1,3
GGACCCGAAGCTAC-1,1
GGACCGTGCTTACT-1,1
GGACCGTGGGAACG-1,6
GGACCGTGTAACGC-1,3
GGACCTCTGTAAGA-1,1
GGACCTCTTTTCTG-1,2
GGACGAGAGTGTCA-1,1
GGACGCTGACGCAT-1,2
GGACGCTGCTAGCA-1,0
GGACGCTGTCCTCG-1,2
GGAGAGACGTGAGG-1,4
GGAGCAGATTCAGG-1,4
GGAGCCACCTTCTA-1,4
GGAGCGCTACGCAT-1,1
GGAGCGCTCCGAAT-1,3
GGAGGATGCCACCT-1,0
GGAGGATGGTTGAC-1,1
GGAGGATGTCAGTG-1,1
GGAGGCCTCGTTGA-1,2
GGAGGCCTTTCTTG-1,0
GGAGGTGATACGCA-1,3
GGAGGTGATCGCTC-1,0
GGATACTGCAGCTA-1,3
GGATACTGTCTAGG-1,3
GGATAGCTCGTCTC-1,0
GGATAGCTCTGAAC-1,2
GGATGTACCAAAGA-1,4
GGATGTACGCGAAG-1,0
GGATGTACGTCTTT-1,1
GGATGTACGTGTCA-1,2
GGATTTCTAGGTTC-1,3
GGATTTCTTTGTCT-1,1
GGCAAGGAAAAAGC-1,2
GGCAAGGAAGAAGT-1,3
GGCAAGGACTTGGA-1,1
GGCAAGGAGGACTT-1,0
GGCAATACGCTAAC-1,4
GGCAATACGGCATT-1,2
GGCAATACGTTTCT-1,4
GGCACGTGGCTTAG-1,5
GGCACGTGTGAGAA-1,2
GGCACTCTTTTGTC-1,3
GGCATATGCTTATC-1,2
GGCATATGGGGAGT-1,7
GGCATATGTGTGAC-1,3
GGCCACGACAGAGG-1,0
GGCCAGACTGGTTG-1,3
GGCCCAGAAAGTAG-1,1
GGCCGAACAACGAA-1,0
GGCCGAACGCAGAG-1,0
GGCCGAACGTAGGG-1,0
GGCCGAACTCTAGG-1,2
GGCCGATGCAGGAG-1,3
GGCCGATGCCGAAT-1,3
GGCCGATGTACTCT-1,2
GGCGACACTGCCCT-1,2
GGCGACTGCGTAAC-1,3
GGCGCATGCCTAAG-1,5
GGCGCATGCTCCAC-1,3
GGCGCATGTGGAAA-1,0
GGCGGACTAGAGGC-1,3
GGCGGACTAGGAGC-1,2
GGCGGACTCTGACA-1,0
GGCGGACTCTTGGA-1,2
GGCGGACTTACTGG-1,0
GGCGGACTTGAACC-1,3
GGCTAAACACCTGA-1,2
GGCTAAACTCTTAC-1,0
GGCTAATGAGCACT-1,2
GGCTAATGGTCTAG-1,0
GGCTCACTACTCAG-1,1
GGGAACGAAGCTCA-1,5
GGGAACGACACAAC-1,4
GGGAACGAGTGTCA-1,1
GGGAAGTGTTGAGC-1,1
GGGACCACACGTTG-1,2
GGGACCACAGAACA-1,0
GGGACCACGAATAG-1,3
GGGACCACGTCATG-1,0
GGGACCACTCAAGC-1,0
GGGACCACTCGTGA-1,0
GGGACCACTGCATG-1,0
GGGACCTGACCCTC-1,1
GGGACCTGCTTGCC-1,0
GGGACCTGTGGAGG-1,4
GGGATGGACGACAT-1,4
GGGATGGATACTTC-1,3
GGGATGGATGGTTG-1,1
GGGATTACGTCTAG-1,0
GGGCAAGATGCATG-1,1
GGGCACACGGTGAG-1,5
GGGCACACGTTGCA-1,3
GGGCAGCTTGGGAG-1,2
GGGCAGCTTTTCTG-1,0
GGGCCAACCTTGGA-1,6
GGGCCAACGCGTTA-1,4
GGGCCAACTACGCA-1,1
GGGCCAACTCCAAG-1,4
GGGCCATGATGGTC-1,2
GGGCCATGTTGACG-1,3
GGGTAACTCAGCTA-1,3
GGGTAACTCTAGTG-1,4
GGGTAACTCTGGAT-1,0
GGGTTAACGTGCAT-1,2
GGTAAAGAGCTAAC-1,2
GGTACAACTGCAAC-1,3
GGTACATGAAAGCA-1,4
GGTACATGAGCTCA-1,2
GGTACATGCGGTAT-1,0
GGTACATGGTTACG-1,0
GGTACATGTGGGAG-1,3
GGTACTGAACTCTT-1,1
GGTAGTACACCACA-1,2
GGTAGTACACTAGC-1,1
GGTAGTACCCTGTC-1,0
GGTAGTACGCCATA-1,1
GGTAGTACTGTCTT-1,3
GGTATCGAGACAAA-1,1
GGTATCGATGAACC-1,4
GGTCAAACCAAAGA-1,0
GGTCTAGAGAAACA-1,1
GGTCTAGATAGCGT-1,1
GGTGATACCGACTA-1,4
GGTGATACGACTAC-1,1
GGTGATACTGTTTC-1,0
GGTGGAGAAACGGG-1,2
GGTGGAGAAGTAGA-1,3
GGTGGAGACAGATC-1,2
GGTGGAGATCGATG-1,3
GGTGGAGATCTCTA-1,1
GGTGGAGATTACTC-1,2
GGTTTACTACGCAT-1,2
GTAACGTGACCTCC-1,1
GTAACGTGATCGGT-1,4
GTAACGTGCAGCTA-1,4
GTAACGTGGTTGAC-1,4
GTAAGCACAACGGG-1,0
GTAAGCACTCATTC-1,4
GTAAGCTGGTACCA-1,1
GTAATAACCTTCTA-1,1
GTAATAACGTTGTG-1,0
GTACCCTGACAGTC-1,5
GTACCCTGGAGCTT-1,0
GTACCCTGTCCTTA-1,2
GTACCCTGTGAACC-1,0
GTACGTGAACGTTG-1,2
GTACTTTGTCGACA-1,2
GTAGACTGAGATGA-1,1
GTAGACTGTATTCC-1,0
GTAGCAACAGTCGT-1,1
GTAGCAACCATTTC-1,4
GTAGCAACGGTAGG-1,1
GTAGCATGCACTCC-1,4
GTAGCATGTAAGCC-1,1
GTAGCCCTGACGTT-1,0
GTAGCTGAAGCTAC-1,5
GTAGCTGAATTCGG-1,0
GTAGGTACACGGGA-1,1
GTAGTGACCTCATT-1,0
GTAGTGTGAGCGGA-1,2
GTAGTGTGAGGCGA-1,1
GTAGTGTGTGGTTG-1,0
GTATCACTGGTAGG-1,1
GTATCTACAGAAGT-1,2
GTATCTACGACGAG-1,2
GTATCTACGTTACG-1,3
GTATTAGAAACAGA-1,3
GTATTAGAGGTCTA-1,0
GTATTCACACAGCT-1,0
GTATTCACGGGTGA-1,2
GTCAACGACACTGA-1,3
GTCAACGAGTGTAC-1,1
GTCAACGATCAGGT-1,0
GTCAATCTACACCA-1,2
GTCAATCTGTAGCT-1,2
GTCAATCTTGTGGT-1,0
GTCACCTGCCTCCA-1,0
GTCACCTGTCCCGT-1,3
GTCATACTAATCGC-1,4
GTCATACTGCGATT-1,2
GTCATACTTCGCCT-1,7
GTCATACTTTACCT-1,2
GTCATACTTTGACG-1,0
GTCCAAGAAAAACG-1,0
GTCCACTGACCTCC-1,0
GTCCACTGGGTACT-1,5
GTCCAGCTACGGGA-1,0
GTCCCATGTGGTGT-1,1
GTCGAATGAAGGCG-1,1
GTCGACCTGAATGA-1,2
GTCGACCTGTTCAG-1,0
GTCGCACTTGAGAA-1,4
GTCTAACTGGTCTA-1,5
GTCTAGGAGCTTCC-1,1
GTGAACACACTCTT-1,0
GTGAACACAGATCC-1,2
GTGAACACTCAGGT-1,0
GTGACCCTTAAGCC-1,2
GTGATGACAAGTGA-1,3
GTGATGACCTGAGT-1,4
GTGATGACGGTTTG-1,2
GTGATTCTCATTTC-1,3
GTGATTCTCTCTCG-1,1
GTGATTCTGGTTCA-1,2
GTGATTCTGTCGAT-1,0
GTGATTCTTAGCGT-1,4
GTGCCACTCAGGAG-1,0
GTGGATTGCACTAG-1,5
GTGGATTGCGGAGA-1,3
GTGGATTGTAACGC-1,0
GTGTACGATCAGTG-1,0
GTGTAGTGGGTACT-1,3
GTGTATCTAGCCTA-1,4
GTGTATCTAGTAGA-1,2
GTGTATCTGTTACG-1,4
GTGTCAGAAGCGTT-1,2
GTGTCAGAATGCTG-1,0
GTTAAAACCGAGAG-1,2
GTTAAAACTTCGCC-1,0
GTTAAATGCTCGAA-1,0
GTTAAATGTCGACA-1,4
GTTAACCTAGCTAC-1,0
GTTAACCTTGCTTT-1,6
GTTAGGTGCACTCC-1,0
GTTAGGTGCCAGTA-1,1
GTTAGGTGCCCAAA-1,5
GTTAGGTGGAACTC-1,4
GTTAGTCTAAGAAC-1,2
GTTATAGAGGACAG-1,0
GTTATGCTTTCATC-1,0
GTTCAACTGGGACA-1,2
GTTCAACTTATGCG-1,0
GTTGACGAGCCCTT-1,2
GTTGACGATATCGG-1,2
GTTGAGTGGTCTTT-1,1
GTTGAGTGTGCTTT-1,3
GTTGATCTGGGACA-1,0
GTTGATCTTTTCAC-1,2
GTTGGATGTTTACC-1,5
GTTGTACTATTCCT-1,1
GTTGTACTTTTGGG-1,0
GTTTAAGACCATGA-1,1
GTTTAAGACTGTCC-1,2
TAAACAACCAACCA-1,3
TAAACAACGAATCC-1,4
TAAAGACTCAGGAG-1,3
TAAATCGATGAGGG-1,0
TAACAATGTGCCCT-1,4
TAACACCTTCGCTC-1,1
TAACACCTTCGTAG-1,1
TAACACCTTGTTTC-1,7
TAACATGACACTAG-1,4
TAACCGGACTTACT-1,0
TAACGTCTCAACCA-1,1
TAACGTCTCATTGG-1,0
TAACTAGAATTTCC-1,3
TAACTAGACTTAGG-1,3
TAACTAGATCTGGA-1,0
TAACTCACGAGGAC-1,1
TAACTCACGTACAC-1,4
TAACTCACGTATCG-1,1
TAACTCACTCTACT-1,2
TAAGAACTGTGTCA-1,1
TAAGAGGACTAAGC-1,4
TAAGAGGACTTGTT-1,2
TAAGATACCCACAA-1,0
TAAGATACGGTTCA-1,1
TAAGATTGCGTAGT-1,0
TAAGATTGTTGCTT-1,3
TAAGCGTGAGGTTC-1,1
TAAGCGTGGACAAA-1,1
TAAGCGTGGGAAAT-1,0
TAAGCGTGTGCTCC-1,1
TAAGGCTGCCATGA-1,3
TAAGGCTGCTGCTC-1,0
TAAGGCTGTCTCGC-1,1
TAAGGGCTGCTGTA-1,3
TAAGGGCTTTACTC-1,0
TAAGTAACCGAGAG-1,4
TAAGTAACCTCCAC-1,4
TAAGTAACCTGTAG-1,3
TAAGTAACTTGTCT-1,0
TAATGATGAGCGGA-1,0
TAATGCCTCATGAC-1,3
TAATGCCTCGTCTC-1,2
TAATGTGAAGATGA-1,0
TAATGTGACTGCAA-1,1
TAATGTGATTACTC-1,0
TACAAATGGGTACT-1,3
TACAATGAAAACAG-1,1
TACAATGACTTAGG-1,0
TACAATGATGCTAG-1,2
TACACACTCACACA-1,0
TACACACTCTTACT-1,0
TACATAGAACGCAT-1,2
TACATCACACGGGA-1,0
TACATCACCTGTTT-1,5
TACATCACGCTAAC-1,4
TACATCACTGAACC-1,5
TACCATTGAGGTTC-1,0
TACCATTGCGGGAA-1,1
TACCATTGGGGATG-1,1
TACCATTGTGAGGG-1,1
TACCGGCTGTTGGT-1,0
TACGAGTGATCTCT-1,0
TACGAGTGATGCTG-1,1
TACGAGTGCGGAGA-1,3
TACGAGTGGTTGGT-1,3
TACGATCTAGTGTC-1,0
TACGATCTCACTGA-1,1
TACGATCTTACGAC-1,2
TACGCAGACGTCTC-1,4
TACGCAGAGAATCC-1,2
TACGCCACATTCCT-1,3
TACGCCACTCCCAC-1,5
TACGCCACTCCGAA-1,4
TACGCGCTCTTCTA-1,2
TACGGAACGCGTTA-1,4
TACGGCCTGGGACA-1,2
TACGGCCTGTCCTC-1,0
TACGTACTACGGAG-1,3
TACGTACTCAGTTG-1,3
TACGTACTCCCGTT-1,4
TACGTTACAGAAGT-1,3
TACGTTACCAAGCT-1,1
TACTAAGAAAGGTA-1,4
TACTAAGAATCACG-1,0
TACTAAGATGATGC-1,1
TACTAAGATTGCGA-1,0
TACTACACGAGAGC-1,3
TACTACACTTACCT-1,4
TACTACTGAACCTG-1,1
TACTACTGATGTCG-1,2
TACTACTGATTCTC-1,0
TACTACTGTATGGC-1,0
TACTCAACGGTCTA-1,1
TACTCAACTGCTAG-1,4
TACTCCCTCAGTTG-1,0
TACTCTGAATCGAC-1,2
TACTCTGACGAGTT-1,3
TACTCTGATTGACG-1,4
TACTGGGATCGATG-1,3
TACTGTTGAAAGCA-1,0
TACTGTTGAGGCGA-1,2
TACTGTTGCTGAAC-1,4
TACTTGACTCCTCG-1,2
TACTTGACTGGTGT-1,4
TACTTTCTTTTGGG-1,0
TAGAAACTAATCGC-1,0
TAGAAACTGCTTCC-1,1
TAGAAACTGGGATG-1,2
TAGAATTGCGACAT-1,0
TAGAATTGTATCGG-1,0
TAGACGTGCTTGAG-1,0
TAGACGTGTCGCTC-1,3
TAGAGCACCTTACT-1,4
TAGATTGACTTGTT-1,4
TAGATTGAGGCATT-1,2
TAGCATCTCAGCTA-1,2
TAGCATCTCCCTCA-1,0
TAGCATCTGCTGTA-1,5
TAGCATCTGGGACA-1,0
TAGCATCTTGTCGA-1,0
TAGCCCACAAAAGC-1,3
TAGCCCACAGCCAT-1,2
TAGCCCACAGCTAC-1,2
TAGCCCACCCACAA-1,0
TAGCCCTGCGGAGA-1,2
TAGCCGCTTACGAC-1,3
TAGCCGCTTACTTC-1,2
TAGCCGCTTTCCAT-1,1
TAGCTACTGAATAG-1,4
TAGCTACTGTAGCT-1,3
TAGCTACTTTTGCT-1,2
TAGGACTGTGCTGA-1,0
TAGGAGCTAAGGCG-1,4
TAGGAGCTGAGGGT-1,0
TAGGAGCTTGCATG-1,4
TAGGCAACCGTCTC-1,4
TAGGCATGCTCTCG-1,6
TAGGCATGGCGAGA-1,2
TAGGCTGATGCCTC-1,1
TAGGGACTGAACTC-1,2
TAGGTCGACACTGA-1,0
TAGGTCGAGGATCT-1,4
TAGGTGACACACTG-1,3
TAGGTGACACGTTG-1,4
TAGGTGTGTTCTGT-1,0
TAGGTTCTGAAGGC-1,3
TAGGTTCTTCTTAC-1,5
TAGGTTCTTGCTGA-1,1
TAGTAAACCTCGCT-1,0
TAGTAAACGTCACA-1,3
TAGTAATGAGATCC-1,0
TAGTACCTAAGAAC-1,1
TAGTATGATCTTAC-1,4
TAGTATGATTCTCA-1,3
TAGTCTTGGCTGTA-1,0
TAGTCTTGGGACTT-1,0
TAGTCTTGTGGAAA-1,2
TAGTGGTGAAGTGA-1,2
TAGTTAGAACCACA-1,2
TAGTTAGATGAACC-1,0
TATAAGACAACAGA-1,2
TATAAGACAGCTCA-1,5
TATAAGTGACACCA-1,5
TATAAGTGTATCGG-1,1
TATAAGTGTGGTGT-1,5
TATACAGAACCCTC-1,2
TATACAGAAGAACA-1,0
TATACAGATCCAGA-1,0
TATACCACCTGATG-1,4
TATACGCTACCAAC-1,0
TATAGATGGACGGA-1,3
TATAGATGTTCCGC-1,5
TATCACTGACTGTG-1,1
TATCCAACCAGCTA-1,1
TATCCAACTCTCTA-1,2
TATCGACTACTAGC-1,2
TATCGACTCGATAC-1,5
TATCGTACAGATGA-1,2
TATCGTACATTCCT-1,1
TATCTCGAGAGATA-1,0
TATCTGACAGGTTC-1,2
TATCTGACTGTTTC-1,2
TATCTTCTAAACAG-1,0
TATGAATGGAGGAC-1,2
TATGAATGTTTGCT-1,5
TATGCGGATAACCG-1,0
TATGGGTGCATCAG-1,2
TATGGGTGCTAGCA-1,4
TATGGTCTCTACCC-1,0
TATGTCACGGAACG-1,4
TATGTCACTAACCG-1,1
TATGTCACTTCTCA-1,4
TATGTGCTCCGATA-1,1
TATGTGCTGGATTC-1,0
TATTGCTGAAGAAC-1,1
TATTGCTGCCGTTC-1,4
TATTGCTGTCTGGA-1,0
TATTGCTGTGCACA-1,2
TATTTCCTATTGGC-1,1
TATTTCCTGGAGGT-1,2
TATTTCCTGGTGTT-1,0
TCAACACTGTTTGG-1,2
TCAAGGACAGCGTT-1,0
TCAAGGACATTCTC-1,2
TCAAGGACGGTGTT-1,1
TCAATCACACTCTT-1,2
TCAATCACAGTCGT-1,5
TCACAACTATGTGC-1,0
TCACAACTTTGCTT-1,1
TCACATACACTTTC-1,3
TCACATACAGGGTG-1,0
TCACCCGAGACGGA-1,1
TCACCGTGCTCGCT-1,5
TCACCTCTACGACT-1,2
TCACCTCTTCCAAG-1,5
TCACGAGAGGAGGT-1,4
TCACTATGGGGCAA-1,2
TCACTATGGTTGTG-1,4
TCAGACGACGCTAA-1,3
TCAGACGACGTTAG-1,2
TCAGAGACTCCAGA-1,0
TCAGCAGACTCCAC-1,0
TCAGCGCTCTAGTG-1,2
TCAGCGCTGGATCT-1,4
TCAGCGCTGGTATC-1,2
TCAGGATGAAGTAG-1,0
TCAGGATGCCTTTA-1,5
TCAGTGGAAGATCC-1,2
TCAGTTACCTACGA-1,1
TCAGTTACTAGAAG-1,0
TCATCAACCCGATA-1,0
TCATCAACTGTTCT-1,1
TCATCATGCAGTTG-1,0
TCATCCCTTACTGG-1,3
TCATTCGATACAGC-1,5
TCCACGTGGAAACA-1,3
TCCACTCTACACTG-1,3
TCCACTCTGAGCTT-1,1
TCCACTCTTACTTC-1,4
TCCATAACAAAGTG-1,0
TCCATAACCGTAGT-1,4
TCCATAACGATGAA-1,3
TCCATAACTACGCA-1,0
TCCATCCTCCCTAC-1,2
TCCCACGATCATTC-1,3
TCCCATCTCAAAGA-1,1
TCCCGAACACAGTC-1,2
TCCCGAACTTCGCC-1,5
TCCCGATGAGATCC-1,0
TCCCGATGCCTGAA-1,1
TCCCGATGCTGTGA-1,2
TCCCTACTCAACTG-1,4
TCCGAAGACAATCG-1,1
TCCGAAGACGTTAG-1,0
TCCGGACTGAGGTG-1,3
TCCGGACTGTACGT-1,2
TCCTAAACATCGAC-1,0
TCCTAAACCGAGAG-1,3
TCCTAAACCGCATA-1,2
TCCTAATGGTTTGG-1,2
TCCTACCTGTCGTA-1,3
TCCTATGAAAAGCA-1,2
TCGAATCTCTGGTA-1,2
TCGACCTGCCGATA-1,5
TCGACGCTTCTATC-1,1
TCGACGCTTTGACG-1,3
TCGAGAACGACAGG-1,0
TCGAGAACGTTAGC-1,3
TCGAGCCTATCAGC-1,4
TCGAGCCTGCGAGA-1,2
TCGAGCCTTGTGAC-1,0
TCGATACTATTCCT-1,3
TCGATACTTGCACA-1,3
TCGATTTGATGCCA-1,1
TCGATTTGCACTCC-1,0
TCGATTTGCAGCTA-1,2
TCGATTTGCCTACC-1,1
TCGATTTGTCGTGA-1,4
TCGCACACCATCAG-1,1
TCGCAGCTAGATCC-1,2
TCGCCATGAGACTC-1,0
TCGCCATGTGGTCA-1,4
TCGGACCTAACAGA-1,0
TCGGACCTATAAGG-1,4
TCGGACCTGTACAC-1,3
TCGGTAGAGTAGGG-1,0
TCGGTAGATCCCAC-1,4
TCGTAGGATCGACA-1,3
TCGTGAGAACTGTG-1,4
TCGTTATGGACAAA-1,0
TCTAACACCAGTTG-1,2
TCTAACACGAGCAG-1,6
TCTAACTGAACCAC-1,3
TCTAAGCTAATGCC-1,0
TCTAAGCTTAGTCG-1,2
TCTAAGCTTCTAGG-1,5
TCTAAGCTTGTTCT-1,1
TCTAAGCTTTCGCC-1,4
TCTACAACGACTAC-1,1
TCTAGACTTAGAAG-1,1
TCTAGTTGCACCAA-1,1
TCTATGTGAAGAGT-1,1
TCTATGTGAGTCTG-1,2
TCTCAAACCTAAGC-1,4
TCTCTAGAATTTCC-1,3
TCTGATACACGTGT-1,0
TCTGATACTCGCCT-1,0
TCTTACGAACCTGA-1,1
TCTTCAGAGCTACA-1,1
TCTTGATGCGGAGA-1,2
TGAAATTGGTGAGG-1,1
TGAACCGAAAACGA-1,0
TGAACCGACTACTT-1,5
TGAACCGATTCGGA-1,5
TGAAGCACTCACGA-1,2
TGAAGCTGAACGAA-1,0
TGAAGCTGAGACTC-1,0
TGAAGCTGCATGGT-1,4
TGAAGCTGCGTAAC-1,0
TGAATAACCACTTT-1,0
TGAATAACTCCCAC-1,2
TGACACGACCTTAT-1,4
TGACCAGACAACCA-1,0
TGACCAGAGGATTC-1,0
TGACCGCTAAAAGC-1,3
TGACCGCTCTGCAA-1,0
TGACGATGCAAAGA-1,1
TGACGCCTGTACCA-1,3
TGACGCCTTTACTC-1,3
TGACTGGAAGAGAT-1,1
TGACTGGACCGTAA-1,0
TGACTGGACGCAAT-1,0
TGACTGGAGGACAG-1,4
TGACTGGATTCTCA-1,3
TGACTTACACACCA-1,3
TGACTTACAGTCTG-1,1
TGACTTTGCGCATA-1,0
TGACTTTGTTTGTC-1,3
TGAGACACAAGGTA-1,3
TGAGACACTCAAGC-1,2
TGAGACACTGTGCA-1,0
TGAGCTGAATGCTG-1,5
TGAGCTGACTGGAT-1,1
TGAGCTGAGCGAGA-1,0
TGAGCTGATGCTAG-1,1
TGAGGACTCTCATT-1,1
TGAGGACTTCATTC-1,3
TGAGGTACGAACCT-1,5
TGAGTCGAGTTACG-1,4
TGAGTGACTGAGCT-1,0
TGATAAACGAATCC-1,0
TGATAAACTCCGTC-1,2
TGATAAACTTTCAC-1,0
TGATACCTCACTAG-1,1
TGATACCTGTTGGT-1,0
TGATACCTTATGCG-1,0
TGATACCTTGAAGA-1,0
TGATATGAACCTTT-1,0
TGATCACTAGCATC-1,2
TGATCACTCTCGCT-1,0
TGATCACTTCTACT-1,4
TGATCGGACTGACA-1,5
TGATCGGAGGAGCA-1,4
TGATCGGATATGCG-1,5
TGATTAGACATTGG-1,3
TGATTAGATGACTG-1,4
TGATTAGATGCTAG-1,0
TGATTCACTATGCG-1,0
TGATTCACTGTCAG-1,4
TGATTCTGCCGAAT-1,3
TGATTCTGCTCTTA-1,3
TGCAAGTGAGAACA-1,3
TGCAAGTGGGTAGG-1,1
TGCAATCTTCAGGT-1,6
TGCACAGACGACAT-1,2
TGCCAAGAGCAGTT-1,5
TGCCAAGATCTCTA-1,3
TGCCACTGAACGTC-1,3
TGCCACTGCGATAC-1,2
TGCCAGCTTGGCAT-1,0
TGCCCAACAGCAAA-1,0
TGCCCAACCGCATA-1,5
TGCCGACTCTCCCA-1,4
TGCGAAACAGTCAC-1,4
TGCGAAACGTTGCA-1,4
TGCGATGAACGGTT-1,0
TGCGATGACCTCGT-1,0
TGCGATGACTAGTG-1,4
TGCGATGACTGCTC-1,4
TGCGATGACTTGCC-1,4
TGCGATGAGTGCTA-1,1
TGCGCACTCTTGAG-1,1
TGCGTAGAATAAGG-1,1
TGCGTAGACGGGAA-1,4
TGCGTAGATGGTCA-1,5
TGCTAGGAAACCGT-1,2
TGCTAGGATAGTCG-1,0
TGCTATACGGTTCA-1,1
TGCTATACTGCTGA-1,2
TGCTGAGAGAGCAG-1,2
TGCTGAGATTATCC-1,0
TGGAAAGACTCTCG-1,4
TGGAAAGAGCGATT-1,3
TGGAAAGAGGTCAT-1,5
TGGAAAGATATGGC-1,0
TGGAACACAAACAG-1,2
TGGAACACGCTAAC-1,2
TGGAAGCTCAGATC-1,0
TGGACCCTACACTG-1,1
TGGACCCTCATGGT-1,2
TGGACCCTGGTACT-1,1
TGGACTGAGTATGC-1,3
TGGAGACTATCAGC-1,1
TGGAGACTGAAACA-1,0
TGGAGACTTCAAGC-1,0
TGGAGACTTGACCA-1,2
TGGAGGGACGGAGA-1,1
TGGAGGGAGCTATG-1,2
TGGATCGATAAAGG-1,0
TGGATGTGACCTAG-1,4
TGGATGTGATGTCG-1,2
TGGATGTGTGAAGA-1,4
TGGATTCTCATACG-1,2
TGGCAATGCTTGTT-1,4
TGGCAATGGAGGGT-1,2
TGGCACCTTCACGA-1,2
TGGCACCTTCAGTG-1,1
TGGGTATGAAGAGT-1,3
TGGGTATGCACAAC-1,3
TGGGTATGGTACGT-1,4
TGGGTATGTTTGGG-1,1
TGGTAGACATGCCA-1,3
TGGTAGACCCTCAC-1,2
TGGTAGACCTGATG-1,3
TGGTAGTGCACTGA-1,1
TGGTATCTAAACAG-1,0
TGGTATCTCTTCCG-1,0
TGGTCAGACCCAAA-1,0
TGGTCAGACCGTTC-1,2
TGGTTACTGACGTT-1,1
TGGTTACTGTTCTT-1,0
TGTAACCTAGAGGC-1,0
TGTAACCTTGCCTC-1,1
TGTAATGACACAAC-1,2
TGTAATGAGGTAAA-1,2
TGTACTTGCTCTAT-1,5
TGTAGGTGCGAGAG-1,4
TGTAGGTGCTATGG-1,3
TGTAGGTGCTCTAT-1,6
TGTAGGTGTGCTGA-1,0
TGTAGTCTTCCAGA-1,0
TGTAGTCTTGCACA-1,2
TGTATCTGTTAGGC-1,3
TGTATGCTCATGGT-1,4
TGTATGCTGTAGGG-1,0
TGTATGCTTTCATC-1,0
TGTCAGGAATACCG-1,0
TGTCAGGAGATGAA-1,5
TGTCTAACCCCTTG-1,0
TGTGACGATTCTCA-1,2
TGTGAGACTGTCAG-1,5
TGTGAGACTTGAGC-1,3
TGTGAGTGACCACA-1,0
TGTGAGTGAGTGCT-1,5
TGTGAGTGGAGATA-1,2
TGTGATCTCTCTAT-1,4
TGTGATCTGACACT-1,2
TGTGGATGGCCAAT-1,4
TGTTAAGACAAAGA-1,1
TGTTAAGATAAGGA-1,1
TGTTAAGATTGGCA-1,1
TGTTACACCGCATA-1,5
TGTTACACGACTAC-1,5
TGTTACTGGCTACA-1,2
TGTTACTGTAGTCG-1,2
TTAACCACCGTAAC-1,0
TTAACCACTAAGGA-1,2
TTAACCACTCAGAC-1,2
TTACACACGTGTTG-1,0
TTACACACTCCTAT-1,0
TTACCATGAATCGC-1,1
TTACCATGGTTGAC-1,3
TTACCATGTGTCTT-1,2
TTACCATGTTGTGG-1,4
TTACGACTGAGAGC-1,3
TTACGACTTGACAC-1,1
TTACGTACGTTCAG-1,7
TTACTCGAACGTTG-1,2
TTACTCGAAGAATG-1,1
TTACTCGACGCAAT-1,6
TTACTCGAGGGTGA-1,0
TTACTCGATCTACT-1,2
TTAGAATGTGGTGT-1,0
TTAGAATGTGTAGC-1,0
TTAGACCTCCTACC-1,0
TTAGACCTCCTTTA-1,1
TTAGCTACAACCGT-1,0
TTAGCTACTGTCCC-1,1
TTAGCTACTTTCGT-1,3
TTAGGGACGCGAAG-1,2
TTAGGGTGCTGGAT-1,4
TTAGGGTGTCCTGC-1,1
TTAGGTCTACTTTC-1,1
TTAGTCACCAGTTG-1,3
TTAGTCTGAAAGCA-1,4
TTAGTCTGCCAACA-1,2
TTAGTCTGTGCACA-1,3
TTATCCGACTAGTG-1,4
TTATCCGAGAAAGT-1,1
TTATGAGAGATAAG-1,0
TTATGCACGTCACA-1,4
TTATGGCTTATGGC-1,6
TTATTCCTATGCTG-1,1
TTATTCCTGGACAG-1,4
TTATTCCTGGTACT-1,4
TTATTCCTTCGTGA-1,3
TTCAAAGATAAAGG-1,2
TTCAACACAACAGA-1,0
TTCAACACCCCAAA-1,1
TTCAACACGGACGA-1,5
TTCAAGCTAAGAAC-1,1
TTCAAGCTAGATGA-1,3
TTCAAGCTGTTGAC-1,2
TTCAAGCTTCCAAG-1,0
TTCAAGCTTGATGC-1,0
TTCAAGCTTTCGCC-1,0
TTCACAACCCGTTC-1,1
TTCACAACGTCTGA-1,5
TTCAGACTACCCAA-1,0
TTCAGACTCTCGAA-1,0
TTCAGTACCGACTA-1,0
TTCAGTACTCAAGC-1,3
TTCAGTACTCCTAT-1,1
TTCAGTTGCCAAGT-1,3
TTCAGTTGTCCTTA-1,6
TTCAGTTGTCTAGG-1,0
TTCAGTTGTCTCGC-1,4
TTCATCGAGGTGGA-1,1
TTCATGTGTGGTGT-1,3
TTCATTCTATGTCG-1,1
TTCATTCTTCTCTA-1,0
TTCCAAACCTATGG-1,1
TTCCAAACCTCCCA-1,4
TTCCAAACTCCCAC-1,2
TTCCAAACTTGACG-1,2
TTCCATGACGAGAG-1,1
TTCCATGACTGTCC-1,0
TTCCCACTTGAGGG-1,2
TTCCCACTTGTCTT-1,1
TTCCTAGAAAGTGA-1,0
TTCCTAGACTAGTG-1,5
TTCGAGGACTCTAT-1,3
TTCGAGGAGGGCAA-1,3
TTCGAGGATAGAAG-1,5
TTCGATTGAGCATC-1,0
TTCGGAGAATGCCA-1,1
TTCGGAGATGTGCA-1,0
TTCGTATGAAAAGC-1,2
TTCGTATGGATAGA-1,2
TTCGTATGGTCTGA-1,0
TTCGTATGTCCTTA-1,1
TTCTACGAACGTAC-1,0
TTCTACGAGTTGGT-1,3
TTCTAGTGACACGT-1,3
TTCTAGTGCATGAC-1,1
TTCTAGTGGAGAGC-1,2
TTCTAGTGGTCACA-1,1
TTCTCAGAAGAGAT-1,3
TTCTCAGAAGCATC-1,4
TTCTCAGATGGAGG-1,3
TTCTGATGGAGACG-1,2
TTCTTACTCTGGAT-1,5
TTGAACCTCCTTGC-1,4
TTGAATGAACTACG-1,5
TTGAATGACTTACT-1,0
TTGAATGATCTCAT-1,4
TTGACACTCTGTAG-1,0
TTGACACTGATAAG-1,4
TTGAGGACAGAACA-1,1
TTGAGGACTACGCA-1,6
TTGAGGTGGACGGA-1,0
TTGCATTGAGCTAC-1,2
TTGCATTGCTAAGC-1,1
TTGCATTGTGACTG-1,0
TTGCTAACACCAAC-1,2
TTGCTAACACGCTA-1,5
TTGCTAACCACTCC-1,0
TTGCTATGGTACGT-1,1
TTGCTATGGTAGGG-1,5
TTGGAGACCAATCG-1,3
TTGGAGACGCTATG-1,1
TTGGAGACTATGGC-1,4
TTGGGAACTGAACC-1,0
TTGGTACTACTGGT-1,1
TTGGTACTCTTAGG-1,0
TTGGTACTGAATCC-1,4
TTGGTACTGGATTC-1,4
TTGTACACGTTGTG-1,4
TTGTACACTTGCAG-1,3
TTGTAGCTAGCTCA-1,0
TTGTAGCTCTCTTA-1,4
TTGTCATGGACGGA-1,2
TTTAGAGATCCTCG-1,4
TTTAGCTGATACCG-1,0
TTTAGCTGGATACC-1,1
TTTAGCTGTACTCT-1,6
TTTAGGCTCCTTTA-1,1
TTTATCCTGTTGTG-1,1
TTTCACGAGGTTCA-1,0
TTTCAGTGGAAGGC-1,2
TTTCAGTGTCACGA-1,4
TTTCAGTGTCTATC-1,1
TTTCAGTGTGCAGT-1,4
TTTCCAGAGGTGAG-1,3
TTTCGAACACCTGA-1,6
TTTCGAACTCTCAT-1,1
TTTCTACTGAGGCA-1,4
TTTCTACTTCCTCG-1,4
TTTGCATGAGAGGC-1,4
TTTGCATGCCTCAC-1,0
